,id,num_players_5,num_players_25,num_players_50,num_players_200,num_players_500,avg_pot_5,avg_pot_25,avg_pot_50,avg_pot_200,avg_pot_500,pct_flop_5,pct_flop_25,pct_flop_50,pct_flop_200,pct_flop_500,pub_date
0,1,21,36,29,14,0,1.05,6.23,4.79,13.06,2.00,39,26,26,3,-1,2020-09-09 09:32:11.722016+00:00
1,2,8,35,24,13,0,0.55,2.11,5.79,18.34,2.00,42,26,28,1,-1,2020-09-09 09:32:43.184451+00:00
2,3,8,35,24,13,0,0.55,2.11,5.79,18.34,2.00,42,26,28,1,-1,2020-09-09 09:33:35.463425+00:00
3,4,9,35,22,13,0,0.21,4.24,4.92,22.20,2.00,39,27,26,56,-1,2020-09-09 09:34:33.551209+00:00
4,5,10,36,26,12,0,0.37,6.72,6.24,19.44,2.00,50,31,29,48,-1,2020-09-09 09:35:33.494175+00:00
5,6,10,37,25,13,0,0.21,6.89,5.41,10.54,2.00,51,29,28,48,-1,2020-09-09 09:36:33.219889+00:00
6,7,10,37,21,13,0,0.92,2.27,2.62,10.02,2.00,44,26,23,50,-1,2020-09-09 09:37:35.343352+00:00
7,8,10,36,20,13,0,0.32,5.27,7.96,20.56,2.00,9,33,27,1,-1,2020-09-09 09:38:36.212785+00:00
8,9,7,35,20,13,0,0.49,3.90,2.99,22.49,2.00,48,26,27,6,-1,2020-09-09 09:39:33.533660+00:00
9,10,7,32,21,13,0,0.25,6.89,3.43,67.70,2.00,61,31,28,61,-1,2020-09-09 09:40:35.020072+00:00
10,11,7,31,21,13,0,0.20,3.40,18.79,23.75,2.00,47,27,27,1,-1,2020-09-09 09:41:38.891459+00:00
11,12,6,31,22,13,0,0.64,8.05,5.01,18.61,2.00,45,29,28,56,-1,2020-09-09 09:42:38.582461+00:00
12,13,4,30,22,13,0,0.41,4.48,3.30,20.78,2.00,45,36,27,56,-1,2020-09-09 09:43:38.120186+00:00
13,14,4,29,21,13,0,0.25,2.90,10.61,28.03,2.00,51,26,33,56,-1,2020-09-09 09:44:36.810208+00:00
14,15,4,27,22,13,0,0.57,2.26,6.64,14.76,2.00,54,26,29,61,-1,2020-09-09 09:45:37.054296+00:00
15,16,4,27,24,14,0,0.22,3.10,7.14,563.71,2.00,3,29,28,6,-1,2020-09-09 09:46:37.078862+00:00
16,17,4,26,26,14,0,0.82,4.26,4.94,13.82,2.00,54,27,26,1,-1,2020-09-09 09:47:35.260853+00:00
17,18,4,25,29,14,0,0.82,4.41,3.85,16.11,2.00,54,32,27,50,-1,2020-09-09 09:48:33.650347+00:00
18,19,4,27,28,14,0,0.65,5.13,4.93,27.49,2.00,47,35,28,3,-1,2020-09-09 09:49:36.515294+00:00
19,20,4,27,27,14,0,0.68,2.76,10.61,35.77,2.00,48,26,27,6,-1,2020-09-09 09:50:38.030052+00:00
20,21,4,26,27,14,0,0.90,5.22,10.70,32.68,2.00,67,33,31,56,-1,2020-09-09 09:51:36.475905+00:00
21,22,4,26,26,15,0,0.70,5.20,5.48,27.05,2.00,50,32,23,6,-1,2020-09-09 09:52:36.672822+00:00
22,23,5,24,24,14,0,0.73,4.19,3.82,29.43,2.00,51,35,23,56,-1,2020-09-09 09:53:35.354443+00:00
23,24,4,24,23,13,0,0.85,5.03,3.83,22.15,2.00,54,28,23,56,-1,2020-09-09 09:54:35.309700+00:00
24,25,6,24,22,13,0,0.18,1.77,10.20,20.91,2.00,50,24,34,48,-1,2020-09-09 09:55:32.203498+00:00
25,26,7,23,24,12,0,0.21,3.38,5.31,49.71,2.00,3,31,23,6,-1,2020-09-09 09:56:35.242551+00:00
26,27,6,23,24,12,0,0.22,6.56,10.98,18.55,2.00,54,35,32,1,-1,2020-09-09 09:57:38.261105+00:00
27,28,6,22,24,10,0,0.61,3.44,6.61,24.18,2.00,2,35,29,56,-1,2020-09-09 09:58:36.297291+00:00
28,29,6,21,22,9,0,0.53,3.67,4.00,25.63,2.00,9,35,26,6,-1,2020-09-09 09:59:36.109323+00:00
29,30,6,21,21,11,0,0.84,4.22,10.09,13.60,2.00,50,35,31,1,-1,2020-09-09 10:00:36.159510+00:00
30,31,7,22,24,11,0,0.42,3.60,10.07,9.50,2.00,46,29,31,50,-1,2020-09-09 10:01:35.249955+00:00
31,32,7,20,24,11,0,0.15,3.40,2.58,17.29,2.00,45,31,24,46,-1,2020-09-09 10:02:34.949562+00:00
32,33,6,20,24,11,0,0.51,3.14,7.14,14.24,2.00,48,29,29,45,-1,2020-09-09 10:03:36.299028+00:00
33,34,7,20,24,8,0,0.55,2.60,56.16,33.64,2.00,48,35,28,58,-1,2020-09-09 10:04:36.902696+00:00
34,35,7,21,24,7,0,0.27,2.25,4.00,11.35,2.00,45,32,30,1,-1,2020-09-09 10:05:36.267498+00:00
35,36,7,20,24,7,0,0.18,1.99,3.57,14.07,2.00,45,31,31,46,-1,2020-09-09 10:06:35.000324+00:00
36,37,7,19,23,6,0,0.19,2.75,12.84,16.22,2.00,51,35,24,50,-1,2020-09-09 10:07:34.653357+00:00
37,38,8,19,23,5,0,0.59,2.69,15.79,12.10,2.00,51,29,30,3,-1,2020-09-09 10:08:35.063518+00:00
38,39,6,16,23,4,0,0.23,1.76,13.29,35.11,2.00,51,33,30,62,-1,2020-09-09 10:09:36.439951+00:00
39,40,6,15,25,5,0,0.35,3.31,10.96,16.84,2.00,46,32,30,3,-1,2020-09-09 10:10:36.896811+00:00
40,41,6,14,26,7,1,0.35,7.44,4.25,9.42,2.00,46,33,30,7,-1,2020-09-09 10:11:36.301838+00:00
41,42,6,15,26,7,0,0.17,2.42,3.44,15.85,2.00,48,35,27,2,-1,2020-09-09 10:12:35.013731+00:00
42,43,4,19,27,8,0,0.37,3.39,15.84,34.60,2.00,48,36,33,63,-1,2020-09-09 10:13:34.878426+00:00
43,44,3,19,26,9,0,0.38,1.62,9.21,17.79,2.00,50,32,27,54,-1,2020-09-09 10:14:37.649621+00:00
44,45,3,20,25,8,0,0.86,2.59,21.14,16.33,2.00,3,31,34,7,-1,2020-09-09 10:15:37.593536+00:00
45,46,2,20,23,8,0,0.37,3.80,15.97,28.39,2.00,50,29,29,56,-1,2020-09-09 10:16:36.468260+00:00
46,47,2,20,23,9,0,0.86,6.50,8.85,27.54,2.00,54,36,26,3,-1,2020-09-09 10:17:36.309496+00:00
47,48,3,19,22,9,0,0.37,3.49,7.66,18.64,2.00,3,33,26,54,-1,2020-09-09 10:18:34.824085+00:00
48,49,4,19,21,8,0,0.42,6.51,11.05,16.53,2.00,6,40,28,6,-1,2020-09-09 10:19:36.090529+00:00
49,50,6,19,21,7,0,0.42,1.97,13.95,16.74,2.00,6,29,26,3,-1,2020-09-09 10:20:36.783823+00:00
50,51,6,18,22,7,0,0.27,1.73,4.35,12.80,2.00,46,27,30,48,-1,2020-09-09 10:21:34.948414+00:00
51,52,6,18,22,7,0,0.27,1.73,4.35,12.80,2.00,46,27,30,48,-1,2020-09-09 10:22:31.434054+00:00
52,53,6,18,22,7,0,0.27,1.73,4.35,12.80,2.00,46,27,30,48,-1,2020-09-09 10:23:32.193874+00:00
53,54,6,18,22,7,0,0.27,1.73,4.35,12.80,2.00,46,27,30,48,-1,2020-09-09 10:24:30.407043+00:00
54,55,6,18,22,7,0,0.27,1.73,4.35,12.80,2.00,46,27,30,48,-1,2020-09-09 10:25:33.151805+00:00
55,56,6,18,22,7,0,0.27,1.73,4.35,12.80,2.00,46,27,30,48,-1,2020-09-09 10:26:33.378821+00:00
56,57,6,18,22,7,0,0.27,1.73,4.35,12.80,2.00,46,27,30,48,-1,2020-09-09 10:27:33.545574+00:00
57,58,6,18,22,7,0,0.27,1.73,4.35,12.80,2.00,46,27,30,48,-1,2020-09-09 10:28:33.793388+00:00
58,59,4,18,25,5,0,0.42,5.22,9.69,24.73,2.00,9,37,30,58,-1,2020-09-09 10:29:34.923709+00:00
59,60,5,22,24,5,0,0.38,3.10,7.39,13.53,2.00,3,43,33,58,-1,2020-09-09 10:30:34.646352+00:00
60,61,6,23,22,5,0,1.20,8.52,4.59,18.61,2.00,48,33,30,63,-1,2020-09-09 10:31:34.857973+00:00
61,62,5,22,22,5,0,1.19,4.27,4.41,156.16,2.00,47,42,29,6,-1,2020-09-09 10:32:31.873431+00:00
62,63,5,21,22,3,0,0.93,8.61,14.38,156.91,2.00,47,32,31,62,-1,2020-09-09 10:33:33.721613+00:00
63,64,6,25,19,3,0,0.30,3.55,14.56,26.96,2.00,45,39,31,58,-1,2020-09-09 10:34:36.565911+00:00
64,65,6,25,22,4,0,0.28,6.39,3.02,24.32,2.00,3,37,23,62,-1,2020-09-09 10:35:38.208608+00:00
65,66,6,25,21,4,0,0.42,6.68,6.53,25.61,2.00,45,35,26,59,-1,2020-09-09 10:36:35.720606+00:00
66,67,6,24,20,4,0,0.39,3.78,6.33,25.37,2.00,3,31,26,61,-1,2020-09-09 10:37:36.769540+00:00
67,68,6,23,18,4,0,0.22,9.99,25.58,38.06,2.00,42,34,33,61,-1,2020-09-09 10:38:30.563164+00:00
68,69,7,25,20,3,0,0.20,3.06,1.93,36.21,2.00,40,36,24,58,-1,2020-09-09 10:39:35.681707+00:00
69,70,6,25,20,3,0,0.33,2.62,1.67,26.39,2.00,9,33,23,3,-1,2020-09-09 10:40:35.136988+00:00
70,71,7,27,23,3,0,0.28,3.38,6.53,44.17,2.00,3,36,32,60,-1,2020-09-09 10:41:33.115914+00:00
71,72,6,27,26,3,0,0.36,3.67,5.04,44.17,2.00,2,26,28,60,-1,2020-09-09 10:42:36.609173+00:00
72,73,6,27,25,3,0,0.41,4.08,2.03,40.13,2.00,51,27,24,60,-1,2020-09-09 10:43:33.478427+00:00
73,74,6,28,26,2,0,0.39,3.72,2.26,29.44,2.00,46,32,26,6,-1,2020-09-09 10:44:32.039654+00:00
74,75,6,26,25,2,0,0.38,3.55,2.70,39.68,2.00,45,33,26,59,-1,2020-09-09 10:45:32.158885+00:00
75,76,6,26,22,2,0,0.43,3.56,6.86,40.13,2.00,46,33,26,61,-1,2020-09-09 10:46:34.733673+00:00
76,77,6,25,21,2,0,0.30,3.24,12.11,25.88,2.00,3,33,32,7,-1,2020-09-09 10:47:37.487363+00:00
77,78,6,25,22,2,0,0.51,3.09,7.16,26.03,2.00,51,32,29,60,-1,2020-09-09 10:48:34.334280+00:00
78,79,6,24,22,2,0,0.64,2.18,2.13,43.59,2.00,3,23,26,67,-1,2020-09-09 10:49:33.439186+00:00
79,80,6,23,22,2,0,0.31,2.24,27.42,27.73,2.00,6,23,33,68,-1,2020-09-09 10:50:35.258666+00:00
80,81,7,23,21,2,0,0.46,2.03,9.54,42.04,2.00,48,26,26,64,-1,2020-09-09 10:51:35.049756+00:00
81,82,7,24,21,3,0,0.71,3.76,11.90,42.04,2.00,50,28,33,65,-1,2020-09-09 10:52:30.058740+00:00
82,83,6,23,16,3,0,0.26,2.09,3.91,21.62,2.00,3,27,26,76,-1,2020-09-09 10:53:30.545309+00:00
83,84,6,23,16,4,0,0.28,3.02,6.23,21.16,2.00,3,26,28,7,-1,2020-09-09 10:54:36.154570+00:00
84,85,5,23,16,4,0,0.70,3.67,9.95,23.42,2.00,50,26,30,76,-1,2020-09-09 10:55:33.388705+00:00
85,86,6,23,16,3,0,0.33,5.02,11.35,21.71,2.00,58,31,28,59,-1,2020-09-09 10:56:35.267884+00:00
86,87,7,23,16,3,0,0.32,5.82,7.80,24.07,2.00,58,32,33,78,-1,2020-09-09 10:57:33.158052+00:00
87,88,5,23,17,2,0,0.56,4.51,24.37,25.04,2.00,54,26,31,82,-1,2020-09-09 10:58:34.546820+00:00
88,89,5,21,17,2,0,0.59,4.50,10.77,16.64,2.00,9,26,28,6,-1,2020-09-09 10:59:33.225086+00:00
89,90,5,22,18,0,0,0.98,4.86,2.49,3.00,2.00,50,29,32,-1,-1,2020-09-09 11:00:34.796889+00:00
90,91,5,22,19,0,0,0.45,4.02,11.18,3.00,2.00,58,26,33,-1,-1,2020-09-09 11:01:34.742848+00:00
91,92,5,19,18,0,0,1.04,7.08,7.13,3.00,2.00,2,32,33,-1,-1,2020-09-09 11:02:33.289484+00:00
92,93,4,19,17,0,0,0.42,2.37,7.46,3.00,2.00,56,27,32,-1,-1,2020-09-09 11:03:28.900240+00:00
93,94,2,18,17,0,0,0.77,2.65,4.47,3.00,2.00,50,26,36,-1,-1,2020-09-09 11:04:30.469745+00:00
94,95,1,18,17,0,0,2.00,7.90,26.33,3.00,2.00,-1,33,34,-1,-1,2020-09-09 11:05:34.925010+00:00
95,96,0,21,17,1,0,2.00,7.96,3.84,3.00,2.00,-1,34,32,-1,-1,2020-09-09 11:06:31.825104+00:00
96,97,0,21,17,1,0,2.00,2.85,5.51,3.00,2.00,-1,26,35,-1,-1,2020-09-09 11:07:34.868674+00:00
97,98,0,21,17,0,0,2.00,3.82,6.75,3.00,2.00,-1,29,37,-1,-1,2020-09-09 11:08:31.500665+00:00
98,99,0,20,19,1,0,2.00,1.13,5.43,3.00,2.00,-1,27,30,-1,-1,2020-09-09 11:09:34.847615+00:00
99,100,0,22,21,0,0,2.00,1.01,2.63,3.00,2.00,-1,26,34,-1,-1,2020-09-09 11:10:33.257364+00:00
100,101,0,22,21,0,0,2.00,1.36,4.56,3.00,2.00,-1,27,40,-1,-1,2020-09-09 11:11:36.431456+00:00
101,102,0,22,21,0,0,2.00,2.90,4.42,3.00,2.00,-1,33,35,-1,-1,2020-09-09 11:12:33.204756+00:00
102,103,0,21,20,0,0,2.00,4.47,3.15,3.00,2.00,-1,32,33,-1,-1,2020-09-09 11:13:31.858813+00:00
103,104,0,20,20,0,0,2.00,7.12,10.06,3.00,2.00,-1,35,34,-1,-1,2020-09-09 11:14:31.936152+00:00
104,105,0,20,17,0,0,2.00,1.32,3.09,3.00,2.00,-1,27,30,-1,-1,2020-09-09 11:15:33.428949+00:00
105,106,0,22,18,0,0,2.00,7.83,2.59,3.00,2.00,-1,39,26,-1,-1,2020-09-09 11:16:28.900195+00:00
106,107,0,22,18,1,0,2.00,7.08,8.22,3.00,2.00,-1,33,31,-1,-1,2020-09-09 11:17:33.164778+00:00
107,108,1,21,15,0,0,2.00,7.09,2.00,3.00,2.00,-1,33,32,-1,-1,2020-09-09 11:18:33.025488+00:00
108,109,1,18,17,0,0,2.00,3.20,5.87,3.00,2.00,-1,33,36,-1,-1,2020-09-09 11:19:31.474257+00:00
109,110,1,17,15,0,0,2.00,2.36,5.40,3.00,2.00,-1,36,28,-1,-1,2020-09-09 11:20:30.513903+00:00
110,111,1,18,16,0,0,2.00,8.08,2.83,3.00,2.00,-1,36,26,-1,-1,2020-09-09 11:21:32.575948+00:00
111,112,1,18,16,0,0,2.00,6.36,2.31,3.00,2.00,-1,33,36,-1,-1,2020-09-09 11:22:33.576589+00:00
112,113,1,18,16,0,0,2.00,2.25,5.19,3.00,2.00,-1,31,33,-1,-1,2020-09-09 11:23:30.355957+00:00
113,114,2,20,16,0,0,0.95,5.95,2.87,3.00,2.00,3,32,34,-1,-1,2020-09-09 11:24:36.764407+00:00
114,115,0,21,16,0,0,2.00,5.51,3.92,3.00,2.00,-1,34,31,-1,-1,2020-09-09 11:25:32.967482+00:00
115,116,0,22,17,0,0,2.00,2.01,6.63,3.00,2.00,-1,34,36,-1,-1,2020-09-09 11:26:33.291058+00:00
116,117,0,22,17,0,0,2.00,5.28,12.32,3.00,2.00,-1,35,32,-1,-1,2020-09-09 11:27:31.891025+00:00
117,118,0,22,16,0,0,2.00,2.24,9.23,3.00,2.00,-1,36,34,-1,-1,2020-09-09 11:28:31.540345+00:00
118,119,0,21,14,0,0,2.00,4.63,3.10,3.00,2.00,-1,26,34,-1,-1,2020-09-09 11:29:33.587894+00:00
119,120,0,21,14,0,0,2.00,7.63,12.24,3.00,2.00,-1,34,36,-1,-1,2020-09-09 11:30:36.351018+00:00
120,121,3,21,14,0,0,0.78,3.73,1.99,3.00,2.00,3,32,36,-1,-1,2020-09-09 11:31:35.203267+00:00
121,122,4,22,14,0,0,0.77,4.79,1.99,3.00,2.00,56,32,37,-1,-1,2020-09-09 11:32:33.639416+00:00
122,123,4,23,12,1,0,0.77,3.71,9.77,3.00,2.00,54,31,41,-1,-1,2020-09-09 11:33:33.283204+00:00
123,124,3,24,11,2,0,0.68,7.00,2.36,20.39,2.00,50,35,39,82,-1,2020-09-09 11:34:28.901042+00:00
124,125,3,24,11,2,0,0.80,4.50,10.62,14.54,2.00,56,35,37,58,-1,2020-09-09 11:35:33.374094+00:00
125,126,3,25,11,2,0,0.80,3.83,3.62,17.34,2.00,56,32,45,82,-1,2020-09-09 11:36:33.757458+00:00
126,127,2,26,11,2,0,0.84,3.84,3.19,18.11,2.00,58,29,44,60,-1,2020-09-09 11:37:35.016384+00:00
127,128,2,24,11,2,0,0.60,4.46,1.49,15.94,2.00,58,34,35,80,-1,2020-09-09 11:38:32.194753+00:00
128,129,3,25,10,2,0,0.68,5.73,6.62,15.54,2.00,3,32,3,80,-1,2020-09-09 11:39:30.509440+00:00
129,130,3,26,11,2,0,0.68,3.97,6.49,15.24,2.00,54,33,40,78,-1,2020-09-09 11:40:31.782327+00:00
130,131,3,26,11,2,0,0.68,2.39,8.76,14.00,2.00,3,32,9,60,-1,2020-09-09 11:41:34.548690+00:00
131,132,3,26,10,2,0,0.59,5.78,2.69,15.37,2.00,9,33,3,63,-1,2020-09-09 11:42:31.973060+00:00
132,133,1,30,10,2,0,2.00,5.07,2.73,19.10,2.00,-1,29,3,78,-1,2020-09-09 11:43:31.923480+00:00
133,134,1,30,8,3,0,2.00,1.37,4.10,17.17,2.00,-1,22,46,68,-1,2020-09-09 11:44:31.766152+00:00
134,135,2,30,9,4,0,0.41,7.26,4.63,19.15,2.00,9,26,40,72,-1,2020-09-09 11:45:30.335384+00:00
135,136,2,30,9,4,0,0.59,3.96,4.53,18.50,2.00,60,26,40,76,-1,2020-09-09 11:46:30.465478+00:00
136,137,3,31,11,4,0,0.59,4.25,13.73,18.00,2.00,63,24,45,7,-1,2020-09-09 11:47:30.196824+00:00
137,138,4,32,12,4,0,0.60,4.80,3.26,14.11,2.00,63,27,46,70,-1,2020-09-09 11:48:33.243061+00:00
138,139,4,33,10,4,0,0.39,4.87,14.12,16.46,2.00,61,27,46,7,-1,2020-09-09 11:49:33.510956+00:00
139,140,4,34,10,4,0,0.35,4.50,4.83,12.94,2.00,58,26,40,68,-1,2020-09-09 11:50:33.308721+00:00
140,141,5,32,10,4,0,0.61,4.26,3.01,13.35,2.00,66,34,48,70,-1,2020-09-09 11:51:33.243229+00:00
141,142,5,32,10,4,0,0.29,4.59,4.57,13.35,2.00,9,27,3,70,-1,2020-09-09 11:52:30.461213+00:00
142,143,5,32,10,4,0,0.52,2.45,8.50,13.35,2.00,75,27,61,70,-1,2020-09-09 11:53:30.464390+00:00
143,144,5,35,11,5,0,0.77,5.94,2.99,50.30,2.00,68,28,48,76,-1,2020-09-09 11:54:30.190290+00:00
144,145,5,35,11,5,0,0.58,6.66,5.25,16.48,2.00,61,35,48,67,-1,2020-09-09 11:55:31.848635+00:00
145,146,5,41,10,5,0,0.39,3.53,7.05,14.68,2.00,63,26,46,67,-1,2020-09-09 11:56:30.623534+00:00
146,147,5,41,10,5,0,1.14,2.92,56.16,12.70,2.00,71,31,46,65,-1,2020-09-09 11:57:30.292557+00:00
147,148,3,39,9,5,0,1.14,2.87,4.21,12.51,2.00,73,26,46,66,-1,2020-09-09 11:58:33.648013+00:00
148,149,2,39,9,5,0,1.15,6.37,4.14,61.71,2.00,73,27,45,1,-1,2020-09-09 11:59:32.144365+00:00
149,150,3,37,9,5,0,1.18,6.45,2.78,10.21,2.00,73,28,40,66,-1,2020-09-09 12:00:30.544141+00:00
150,151,2,38,10,5,0,1.17,6.48,8.54,10.21,2.00,1,26,48,66,-1,2020-09-09 12:01:34.557552+00:00
151,152,2,35,10,5,0,0.66,4.83,4.14,10.21,2.00,80,32,45,66,-1,2020-09-09 12:02:31.769790+00:00
152,153,2,34,9,4,0,0.65,6.89,5.15,38.38,2.00,80,24,48,72,-1,2020-09-09 12:03:30.519680+00:00
153,154,3,32,8,5,0,0.63,3.35,6.95,27.21,2.00,68,26,46,68,-1,2020-09-09 12:04:31.968677+00:00
154,155,3,30,8,5,0,1.18,3.22,10.87,19.51,2.00,69,35,46,1,-1,2020-09-09 12:05:30.037266+00:00
155,156,3,27,7,6,0,1.15,6.54,3.10,11.83,2.00,67,35,39,65,-1,2020-09-09 12:06:33.222500+00:00
156,157,3,26,7,6,0,1.15,6.68,3.10,20.07,2.00,67,35,39,69,-1,2020-09-09 12:07:31.619847+00:00
157,158,3,28,7,7,0,0.88,3.95,4.17,12.32,2.00,76,26,48,61,-1,2020-09-09 12:08:30.054501+00:00
158,159,2,30,7,7,0,0.72,4.23,4.24,22.89,2.00,76,29,48,65,-1,2020-09-09 12:09:30.487011+00:00
159,160,2,30,6,8,0,1.65,4.30,4.08,27.35,2.00,74,27,3,2,-1,2020-09-09 12:10:32.040018+00:00
160,161,2,33,5,6,0,15.68,5.06,4.06,18.54,2.00,74,23,3,56,-1,2020-09-09 12:11:33.184923+00:00
161,162,3,32,5,6,0,1.13,6.04,8.95,9.30,2.00,71,26,44,58,-1,2020-09-09 12:12:30.068928+00:00
162,163,4,32,5,7,0,0.84,2.98,8.72,20.71,2.00,83,35,42,62,-1,2020-09-09 12:13:27.765847+00:00
163,164,4,34,7,8,0,1.10,2.94,8.77,19.51,2.00,71,27,41,6,-1,2020-09-09 12:14:35.007916+00:00
164,165,4,33,7,9,0,1.82,2.54,7.99,43.92,2.00,82,26,39,58,-1,2020-09-09 12:15:31.852900+00:00
165,166,3,33,8,9,0,1.22,4.37,2.27,54.94,2.00,75,35,39,56,-1,2020-09-09 12:16:33.108987+00:00
166,167,4,33,8,9,0,0.85,1.66,4.59,11.51,2.00,1,26,47,47,-1,2020-09-09 12:17:29.032745+00:00
167,168,4,34,7,9,0,1.72,2.71,4.24,10.48,2.00,8,32,41,48,-1,2020-09-09 12:18:31.854643+00:00
168,169,4,34,6,9,0,1.03,2.19,7.95,9.72,2.00,70,29,3,50,-1,2020-09-09 12:19:33.701469+00:00
169,170,4,35,6,12,0,2.20,2.90,2.45,12.88,2.00,81,26,42,50,-1,2020-09-09 12:20:30.447558+00:00
170,171,4,34,6,12,0,1.09,2.72,6.19,57.42,2.00,1,26,51,54,-1,2020-09-09 12:21:31.929415+00:00
171,172,4,34,6,11,0,1.09,2.98,4.25,29.06,2.00,1,35,48,50,-1,2020-09-09 12:22:30.017951+00:00
172,173,3,32,6,9,0,0.68,5.17,4.25,59.82,2.00,70,28,9,56,-1,2020-09-09 12:23:30.589188+00:00
173,174,5,34,6,8,0,0.71,3.21,1.75,16.15,2.00,71,26,36,1,-1,2020-09-09 12:24:28.829691+00:00
174,175,6,34,6,8,0,0.68,3.88,4.32,16.15,2.00,70,28,9,1,-1,2020-09-09 12:25:30.171852+00:00
175,176,5,33,6,8,0,2.53,56.77,19.00,11.72,2.00,81,27,37,48,-1,2020-09-09 12:26:31.886256+00:00
176,177,5,32,6,8,0,1.09,2.52,5.87,63.64,2.00,69,26,51,50,-1,2020-09-09 12:27:30.211532+00:00
177,178,5,30,5,10,0,2.56,4.92,7.26,32.07,2.00,8,31,3,48,-1,2020-09-09 12:28:33.522593+00:00
178,179,5,29,5,10,0,1.19,3.90,7.61,31.79,2.00,70,35,45,50,-1,2020-09-09 12:29:29.901570+00:00
179,180,6,30,4,10,0,2.99,4.53,5.13,30.78,2.00,75,24,45,50,-1,2020-09-09 12:30:29.186095+00:00
180,181,6,32,4,10,0,0.90,4.86,5.72,20.24,2.00,9,27,47,3,-1,2020-09-09 12:31:27.449778+00:00
181,182,5,31,4,10,0,3.02,3.15,4.32,39.75,2.00,75,35,44,1,-1,2020-09-09 12:32:30.113066+00:00
182,183,6,29,4,11,0,0.90,2.17,4.38,39.69,2.00,3,28,47,3,-1,2020-09-09 12:33:30.605203+00:00
183,184,2,29,5,12,0,1.22,7.68,4.90,23.09,2.00,69,29,3,3,-1,2020-09-09 12:34:33.694874+00:00
184,185,2,29,5,11,0,2.28,2.28,5.43,14.04,2.00,70,35,48,1,-1,2020-09-09 12:35:27.273872+00:00
185,186,3,30,5,11,0,2.21,3.48,2.89,13.45,2.00,70,34,3,43,-1,2020-09-09 12:36:29.014141+00:00
186,187,5,30,5,11,0,2.04,1.95,2.38,14.14,2.00,69,27,6,45,-1,2020-09-09 12:37:27.392876+00:00
187,188,4,30,5,10,0,0.45,1.98,2.55,43.08,2.00,56,35,58,3,-1,2020-09-09 12:38:32.200056+00:00
188,189,6,30,7,10,0,1.38,2.70,3.64,27.15,2.00,58,35,60,6,-1,2020-09-09 12:39:31.747649+00:00
189,190,5,35,7,10,0,0.45,3.73,3.09,14.84,2.00,67,27,58,46,-1,2020-09-09 12:40:29.887497+00:00
190,191,5,33,7,11,0,0.73,2.23,3.04,15.37,2.00,47,32,58,46,-1,2020-09-09 12:41:30.502968+00:00
191,192,6,34,7,11,0,0.95,2.13,3.45,36.03,2.00,47,31,45,50,-1,2020-09-09 12:42:29.085954+00:00
192,193,6,34,8,11,0,0.92,7.78,2.62,7.42,2.00,46,35,2,45,-1,2020-09-09 12:43:32.128922+00:00
193,194,6,35,8,12,0,0.55,2.02,2.53,11.57,2.00,2,27,3,40,-1,2020-09-09 12:44:30.532190+00:00
194,195,5,33,8,13,0,1.69,5.17,3.69,36.47,2.00,66,35,50,46,-1,2020-09-09 12:45:32.080817+00:00
195,196,4,35,8,13,0,0.73,8.06,3.74,8.88,2.00,61,33,9,41,-1,2020-09-09 12:46:30.458951+00:00
196,197,6,35,7,14,0,0.64,6.96,3.38,10.08,2.00,50,32,47,43,-1,2020-09-09 12:47:30.097225+00:00
197,198,8,35,7,14,0,0.56,10.24,2.12,28.64,2.00,48,26,44,43,-1,2020-09-09 12:48:31.989195+00:00
198,199,8,36,5,14,0,0.85,2.56,3.16,18.47,2.00,50,34,46,46,-1,2020-09-09 12:49:27.280887+00:00
199,200,6,36,4,13,0,1.62,6.13,8.51,25.15,2.00,61,29,9,50,-1,2020-09-09 12:50:31.924091+00:00
200,201,6,36,5,14,0,0.50,2.30,2.85,24.15,2.00,56,26,9,48,-1,2020-09-09 12:51:30.541466+00:00
201,202,6,35,5,14,0,0.52,1.89,7.04,12.69,2.00,50,35,2,48,-1,2020-09-09 12:52:28.967684+00:00
202,203,6,35,5,14,0,0.52,1.89,7.04,12.69,2.00,50,35,2,48,-1,2020-09-09 12:53:34.960473+00:00
203,204,6,35,5,14,0,0.52,1.89,7.04,12.69,2.00,50,35,2,48,-1,2020-09-09 12:54:33.752625+00:00
204,205,6,35,5,14,0,0.52,1.89,7.04,12.69,2.00,50,35,2,48,-1,2020-09-09 12:55:31.990622+00:00
205,206,9,36,4,16,0,0.26,0.93,9.93,21.57,2.00,35,26,60,42,-1,2020-09-09 12:56:30.738990+00:00
206,207,6,39,4,16,0,0.51,1.39,1.46,22.64,2.00,56,24,54,43,-1,2020-09-09 12:58:05.203388+00:00
207,208,5,37,8,18,0,0.65,8.58,6.72,24.48,2.00,2,36,69,42,-1,2020-09-09 13:01:11.605391+00:00
208,209,5,37,8,18,0,0.65,8.58,6.72,24.48,2.00,2,36,69,42,-1,2020-09-09 13:01:41.869508+00:00
209,210,6,36,6,17,0,0.44,5.07,3.25,17.97,2.00,3,31,44,41,-1,2020-09-09 13:02:35.900769+00:00
210,211,5,37,8,18,0,0.65,8.58,6.72,24.48,2.00,2,36,69,42,-1,2020-09-09 13:04:40.296097+00:00
211,212,5,37,8,18,0,0.65,8.58,6.72,24.48,2.00,2,36,69,42,-1,2020-09-09 13:05:12.337361+00:00
212,213,5,37,8,18,0,0.65,8.58,6.72,24.48,2.00,2,36,69,42,-1,2020-09-09 13:06:17.784329+00:00
213,214,5,32,6,21,0,1.75,6.24,4.12,27.28,2.00,60,35,9,42,-1,2020-09-09 13:06:52.237848+00:00
214,215,5,32,6,21,0,1.75,6.24,4.12,27.28,2.00,60,35,9,42,-1,2020-09-09 13:07:35.251048+00:00
215,216,5,31,6,21,0,1.75,6.21,5.47,36.12,2.00,60,33,48,37,-1,2020-09-09 13:07:46.769646+00:00
216,217,5,31,6,21,0,1.75,6.21,5.47,36.12,2.00,60,33,48,37,-1,2020-09-09 13:08:07.846466+00:00
217,218,7,30,6,19,0,0.72,3.23,7.30,16.43,2.00,6,28,45,27,-1,2020-09-09 13:08:37.415890+00:00
218,219,7,30,6,19,0,0.72,3.23,7.30,16.43,2.00,6,28,45,27,-1,2020-09-09 13:09:28.992165+00:00
219,220,7,31,6,20,0,0.72,6.15,7.21,24.94,2.00,67,33,3,34,-1,2020-09-09 13:10:32.384730+00:00
220,221,6,32,7,20,1,0.69,1.69,2.07,34.27,2.00,6,35,50,35,-1,2020-09-09 13:11:31.901657+00:00
221,222,6,32,7,22,1,1.80,6.06,1.92,36.17,2.00,67,35,46,36,-1,2020-09-09 13:12:29.150926+00:00
222,223,5,30,8,22,1,0.60,4.85,9.21,37.49,2.00,67,35,51,27,-1,2020-09-09 13:13:27.110824+00:00
223,224,4,28,8,26,1,1.67,2.79,4.79,24.05,2.00,58,35,50,34,-1,2020-09-09 13:14:28.676877+00:00
224,225,4,28,7,24,1,1.02,1.80,7.78,37.09,2.00,58,26,3,26,-1,2020-09-09 13:15:31.771782+00:00
225,226,5,28,7,23,1,1.03,1.81,3.30,36.19,2.00,67,26,56,36,-1,2020-09-09 13:16:32.128406+00:00
226,227,5,28,8,21,1,0.67,3.36,7.22,62.43,2.00,9,35,46,40,-1,2020-09-09 13:17:30.056161+00:00
227,228,5,30,8,21,1,0.67,7.63,7.60,37.93,2.00,9,28,48,36,-1,2020-09-09 13:18:29.165292+00:00
228,229,5,32,7,19,1,0.98,3.38,4.93,47.38,2.00,3,36,48,29,-1,2020-09-09 13:19:30.515505+00:00
229,230,5,31,7,17,1,0.98,4.77,5.95,12.45,2.00,3,28,61,35,-1,2020-09-09 13:20:28.874285+00:00
230,231,5,32,8,19,1,0.78,6.67,7.27,24.44,2.00,58,28,6,34,-1,2020-09-09 13:21:28.951021+00:00
231,232,6,32,8,19,1,0.72,3.44,6.49,16.43,2.00,61,28,48,35,-1,2020-09-09 13:22:33.553333+00:00
232,233,7,30,9,20,1,0.79,4.75,7.44,26.59,2.00,60,32,6,34,-1,2020-09-09 13:23:30.314074+00:00
233,234,6,37,9,21,2,1.26,2.99,5.80,20.57,96.41,3,40,60,29,54,2020-09-09 13:24:30.093305+00:00
234,235,8,38,9,20,2,0.89,3.57,6.47,17.41,97.54,62,29,66,27,9,2020-09-09 13:25:27.691574+00:00
235,236,9,38,9,18,2,0.55,2.97,6.01,31.53,97.54,63,40,48,32,62,2020-09-09 13:26:31.946714+00:00
236,237,9,38,9,19,1,1.10,2.36,5.51,11.03,2.00,3,39,58,26,-1,2020-09-09 13:27:26.176208+00:00
237,238,8,37,8,18,1,0.81,5.24,6.35,67.97,2.00,9,35,60,33,-1,2020-09-09 13:28:31.668669+00:00
238,239,8,38,8,18,1,0.57,4.33,6.10,18.14,2.00,66,35,56,28,-1,2020-09-09 13:29:28.965828+00:00
239,240,6,39,8,16,1,0.81,3.43,3.45,17.13,2.00,50,29,50,29,-1,2020-09-09 13:30:29.003650+00:00
240,241,6,40,8,15,1,0.45,56.37,6.45,18.46,2.00,3,36,66,28,-1,2020-09-09 13:31:27.609247+00:00
241,242,6,37,8,13,1,0.40,2.61,4.29,18.36,2.00,62,35,50,29,-1,2020-09-09 13:32:29.028231+00:00
242,243,6,36,8,13,1,0.43,7.18,4.38,13.01,2.00,44,32,51,29,-1,2020-09-09 13:33:27.206591+00:00
243,244,5,34,9,12,1,1.03,4.63,4.41,12.76,2.00,3,35,61,35,-1,2020-09-09 13:34:28.941309+00:00
244,245,6,34,9,10,2,0.51,3.63,1.72,10.75,17.07,50,36,46,31,66,2020-09-09 13:35:32.150191+00:00
245,246,6,35,9,12,3,0.59,6.35,5.72,21.34,17.07,63,33,56,37,66,2020-09-09 13:36:30.469568+00:00
246,247,6,34,8,13,3,0.57,7.87,1.78,12.91,37.19,63,26,48,34,58,2020-09-09 13:37:32.044766+00:00
247,248,6,33,7,13,3,1.01,3.20,1.85,21.65,17.02,54,35,46,40,62,2020-09-09 13:38:29.069868+00:00
248,249,9,31,8,12,3,1.05,4.88,4.19,61.84,96.07,6,28,50,36,66,2020-09-09 13:39:27.545089+00:00
249,250,9,31,10,12,3,0.50,1.76,2.63,9.51,32.17,48,29,48,42,66,2020-09-09 13:40:29.093338+00:00
250,251,7,32,10,10,3,0.87,3.09,11.65,18.38,22.00,62,28,48,43,66,2020-09-09 13:41:32.057761+00:00
251,252,10,31,10,10,3,0.85,3.24,4.25,48.80,21.87,60,29,48,37,66,2020-09-09 13:42:32.111187+00:00
252,253,13,28,11,10,3,0.73,2.83,7.93,12.10,141.39,3,28,56,46,66,2020-09-09 13:43:27.360701+00:00
253,254,12,26,9,10,4,0.59,4.87,3.09,11.40,141.39,2,35,50,45,66,2020-09-09 13:44:27.715317+00:00
254,255,12,26,7,10,4,0.71,1.86,13.14,24.05,27.77,50,35,3,32,66,2020-09-09 13:45:32.064728+00:00
255,256,14,24,6,12,3,0.71,1.89,4.44,6.56,131.97,50,35,54,41,66,2020-09-09 13:46:27.524302+00:00
256,257,14,24,6,14,3,0.80,7.28,3.10,11.53,561.17,46,32,50,48,71,2020-09-09 13:47:30.535350+00:00
257,258,14,23,6,13,3,0.66,3.36,5.51,28.75,58.62,9,32,51,44,75,2020-09-09 13:48:30.501397+00:00
258,259,18,24,6,12,4,0.66,5.75,12.76,29.89,52.62,2,34,56,37,70,2020-09-09 13:49:30.848572+00:00
259,260,18,21,7,12,3,0.32,3.58,3.30,13.68,28.37,41,29,51,49,62,2020-09-09 13:50:27.670264+00:00
260,261,18,20,7,12,3,0.80,5.89,3.90,18.48,27.95,3,33,51,45,62,2020-09-09 13:51:33.625654+00:00
261,262,16,21,8,11,3,0.34,2.93,6.22,18.90,27.95,40,35,6,40,62,2020-09-09 13:52:31.912112+00:00
262,263,16,21,8,10,3,1.04,5.69,3.42,38.12,98.06,3,32,51,49,62,2020-09-09 13:53:28.980391+00:00
263,264,14,21,5,9,4,0.90,1.82,4.81,22.85,86.86,40,29,2,2,62,2020-09-09 13:54:34.055015+00:00
264,265,12,22,5,9,4,1.17,3.65,4.00,45.42,47.07,9,32,56,45,70,2020-09-09 13:55:29.119417+00:00
265,266,12,22,5,9,6,0.38,3.83,4.00,20.13,37.05,42,27,67,46,54,2020-09-09 13:56:30.379801+00:00
266,267,15,22,5,12,6,0.40,3.14,6.18,12.27,41.61,44,27,67,46,6,2020-09-09 13:57:27.533715+00:00
267,268,15,20,5,13,6,0.90,4.17,3.58,11.62,65.00,46,32,61,37,67,2020-09-09 13:58:32.132202+00:00
268,269,13,19,5,11,5,0.89,3.97,6.27,22.76,29.33,35,32,60,56,51,2020-09-09 13:59:29.053327+00:00
269,270,13,20,4,11,5,0.43,3.93,4.06,12.83,70.21,3,28,64,41,64,2020-09-09 14:00:29.076618+00:00
270,271,14,20,4,11,5,0.46,3.33,6.66,16.11,71.56,45,35,68,45,3,2020-09-09 14:01:30.665197+00:00
271,272,13,20,4,12,4,0.66,3.47,4.12,23.97,91.10,45,33,71,56,56,2020-09-09 14:02:30.357007+00:00
272,273,13,20,5,13,5,0.38,6.09,4.37,37.63,68.96,42,35,64,54,60,2020-09-09 14:03:28.807516+00:00
273,274,18,23,5,14,5,0.39,5.00,5.67,24.75,77.81,39,32,61,6,63,2020-09-09 14:04:29.157974+00:00
274,275,20,22,4,14,5,0.71,3.25,3.09,6.74,75.49,42,32,81,44,56,2020-09-09 14:05:27.486022+00:00
275,276,21,20,4,14,5,0.58,7.76,3.10,22.28,74.13,45,39,83,42,63,2020-09-09 14:06:27.653236+00:00
276,277,22,19,4,14,5,0.57,4.38,3.10,22.65,63.83,39,33,73,43,60,2020-09-09 14:07:27.534422+00:00
277,278,23,20,5,14,5,1.60,4.38,5.11,10.87,65.70,45,36,81,44,56,2020-09-09 14:08:27.854081+00:00
278,279,23,22,7,15,5,0.86,4.57,3.02,10.22,50.78,39,36,86,40,9,2020-09-09 14:09:27.239546+00:00
279,280,22,23,6,15,5,0.81,2.77,6.66,10.92,45.67,39,35,83,35,1,2020-09-09 14:10:32.177831+00:00
280,281,25,24,5,17,5,0.56,3.46,2.62,17.04,84.38,32,29,69,33,62,2020-09-09 14:11:27.349519+00:00
281,282,25,27,5,17,5,1.43,2.13,4.80,63.65,61.73,42,29,67,40,60,2020-09-09 14:12:32.301335+00:00
282,283,26,26,5,16,5,0.69,8.27,4.79,13.48,64.38,32,35,58,41,2,2020-09-09 14:13:29.159932+00:00
283,284,27,27,5,16,5,0.87,1.94,7.69,11.37,65.45,37,35,81,39,2,2020-09-09 14:14:30.660143+00:00
284,285,25,27,6,14,5,1.13,1.99,7.68,12.09,58.33,30,31,8,33,60,2020-09-09 14:15:27.522476+00:00
285,286,26,25,7,15,5,0.50,3.01,8.46,1.44,20.87,32,35,71,33,61,2020-09-09 14:16:29.189894+00:00
286,287,25,24,6,15,5,1.04,6.21,4.03,38.61,65.92,42,32,58,46,69,2020-09-09 14:17:27.664000+00:00
287,288,26,26,7,17,5,0.87,3.12,12.79,12.66,22.12,33,35,58,40,62,2020-09-09 14:18:28.972800+00:00
288,289,28,25,6,13,5,0.99,3.63,2.81,13.87,23.50,29,33,66,34,62,2020-09-09 14:19:27.707856+00:00
289,290,28,26,5,13,5,1.20,5.07,10.64,49.31,55.87,36,28,56,35,66,2020-09-09 14:20:32.138958+00:00
290,291,28,27,5,13,5,0.43,4.53,3.30,30.61,55.17,22,27,3,32,66,2020-09-09 14:21:29.101517+00:00
291,292,27,27,5,13,5,0.39,6.26,5.03,31.21,54.47,21,32,56,32,66,2020-09-09 14:22:30.970654+00:00
292,293,27,27,5,11,6,0.49,8.29,5.06,48.09,97.83,36,35,54,35,75,2020-09-09 14:23:30.394552+00:00
293,294,30,29,5,14,6,1.40,4.81,1.81,10.01,98.08,29,26,56,32,73,2020-09-09 14:24:27.295074+00:00
294,295,30,27,4,13,4,1.42,5.64,10.90,27.53,49.22,29,33,68,40,66,2020-09-09 14:25:27.499536+00:00
295,296,26,28,4,15,4,0.54,5.72,3.10,32.70,55.38,33,27,62,40,69,2020-09-09 14:26:31.932878+00:00
296,297,26,30,3,15,4,0.93,5.73,10.91,8.66,21.17,30,27,66,32,62,2020-09-09 14:27:27.894218+00:00
297,298,30,31,4,16,6,1.02,8.13,10.68,20.07,69.48,30,29,67,44,61,2020-09-09 14:28:30.461823+00:00
298,299,30,30,5,18,6,0.71,3.54,10.70,45.76,41.41,32,24,2,37,58,2020-09-09 14:29:27.455678+00:00
299,300,31,30,4,18,6,1.10,5.46,3.86,26.77,49.50,36,31,63,40,62,2020-09-09 14:30:27.671216+00:00
300,301,30,30,3,17,6,0.32,2.60,8.59,10.20,48.93,26,26,50,32,58,2020-09-09 14:31:27.709323+00:00
301,302,32,30,3,17,6,0.86,5.83,8.59,28.51,22.32,27,27,50,42,2,2020-09-09 14:32:26.261481+00:00
302,303,29,30,4,16,6,1.17,2.42,8.68,41.79,41.46,33,26,3,44,69,2020-09-09 14:33:32.008912+00:00
303,304,30,32,5,16,5,0.79,2.89,8.67,11.63,41.91,27,31,3,32,47,2020-09-09 14:34:29.206590+00:00
304,305,29,32,4,15,5,0.97,5.79,3.62,29.16,22.57,37,26,60,35,50,2020-09-09 14:35:28.924333+00:00
305,306,30,31,4,16,6,1.16,7.41,8.43,9.15,84.63,28,26,50,36,62,2020-09-09 14:36:27.569269+00:00
306,307,30,31,6,16,6,1.25,2.73,8.43,9.07,45.94,32,33,50,36,9,2020-09-09 14:37:30.709147+00:00
307,308,29,35,6,16,6,0.81,2.30,9.20,10.21,561.31,36,27,51,33,50,2020-09-09 14:38:27.677002+00:00
308,309,29,36,5,16,7,0.78,5.98,4.45,15.81,64.42,30,27,3,35,56,2020-09-09 14:39:27.626165+00:00
309,310,31,35,5,17,7,0.63,7.89,4.04,11.88,43.60,31,34,56,35,69,2020-09-09 14:40:30.812645+00:00
310,311,33,33,5,17,7,0.55,3.18,5.22,9.90,60.73,30,26,54,39,44,2020-09-09 14:41:27.739491+00:00
311,312,34,35,5,16,7,0.56,6.53,3.99,33.43,33.57,30,35,60,40,45,2020-09-09 14:42:24.671427+00:00
312,313,34,36,5,14,7,0.72,1.92,2.09,10.63,44.82,29,26,2,36,47,2020-09-09 14:43:27.573534+00:00
313,314,35,34,5,10,6,0.48,9.63,3.91,8.64,42.64,29,31,9,41,44,2020-09-09 14:44:27.515626+00:00
314,315,34,32,5,13,5,1.22,4.46,3.18,9.36,32.70,37,26,54,43,3,2020-09-09 14:45:31.959905+00:00
315,316,33,33,4,12,6,1.22,7.28,3.53,6.49,32.70,36,32,61,39,3,2020-09-09 14:46:29.208050+00:00
316,317,34,33,6,14,6,1.15,6.41,12.57,9.41,32.70,36,27,9,42,3,2020-09-09 14:47:25.847457+00:00
317,318,31,32,6,14,6,0.55,5.75,3.77,8.86,31.57,26,27,64,42,3,2020-09-09 14:48:30.720652+00:00
318,319,28,30,6,14,6,0.55,3.24,3.85,14.44,43.42,26,29,9,37,48,2020-09-09 14:49:30.435834+00:00
319,320,28,28,6,14,6,0.64,2.64,4.05,14.12,32.07,29,22,58,40,3,2020-09-09 14:50:28.992720+00:00
320,321,27,30,6,13,5,0.72,1.44,5.90,12.74,34.71,30,22,62,35,47,2020-09-09 14:51:29.463507+00:00
321,322,27,30,6,13,5,0.72,2.13,3.48,12.99,31.95,30,29,54,43,3,2020-09-09 14:52:29.021333+00:00
322,323,27,29,6,13,3,1.63,2.28,12.07,12.22,109.36,31,28,60,40,51,2020-09-09 14:53:29.112961+00:00
323,324,26,30,8,13,2,0.86,4.10,4.41,4.25,76.96,27,31,50,34,56,2020-09-09 14:54:27.375699+00:00
324,325,27,31,6,13,2,2.25,1.90,5.38,8.48,76.96,32,27,67,40,56,2020-09-09 14:55:29.000662+00:00
325,326,27,34,6,16,3,0.29,3.74,9.69,25.23,76.96,27,35,67,41,56,2020-09-09 14:56:30.694958+00:00
326,327,28,33,8,16,3,1.27,11.77,5.00,57.33,76.96,29,32,9,41,56,2020-09-09 14:57:28.960753+00:00
327,328,27,32,8,17,4,1.99,6.26,4.32,8.46,25.08,27,26,62,35,46,2020-09-09 14:58:29.588398+00:00
328,329,30,34,9,14,5,1.73,2.09,10.17,45.63,98.25,29,35,3,40,54,2020-09-09 14:59:29.483520+00:00
329,330,30,34,9,19,5,0.61,1.22,4.55,7.92,91.70,30,23,67,40,63,2020-09-09 15:00:30.878910+00:00
330,331,30,32,9,19,5,1.02,4.22,4.15,18.11,106.40,36,35,62,39,64,2020-09-09 15:01:30.230595+00:00
331,332,30,32,9,19,5,0.94,8.40,4.43,19.87,101.67,30,27,3,37,64,2020-09-09 15:02:27.573773+00:00
332,333,29,34,9,19,5,0.99,1.67,9.60,47.68,74.54,36,26,46,37,66,2020-09-09 15:03:27.888310+00:00
333,334,31,38,10,22,5,0.81,5.57,2.94,67.15,24.63,36,26,46,40,54,2020-09-09 15:04:27.469385+00:00
334,335,30,38,10,21,5,1.56,2.72,3.56,18.23,25.13,29,26,2,35,54,2020-09-09 15:05:28.792951+00:00
335,336,30,37,10,21,5,0.44,4.30,3.80,35.17,112.89,26,29,48,40,66,2020-09-09 15:06:28.674810+00:00
336,337,29,37,10,21,5,1.54,4.99,4.03,8.00,36.31,26,31,50,36,6,2020-09-09 15:07:32.208514+00:00
337,338,26,38,12,23,5,1.05,1.84,71.73,19.87,112.31,29,29,3,35,67,2020-09-09 15:08:28.941594+00:00
338,339,25,38,12,23,5,0.41,2.55,3.07,111.56,47.70,28,31,58,27,62,2020-09-09 15:09:27.595529+00:00
339,340,26,35,11,21,6,0.67,3.84,2.47,11.87,83.61,36,27,48,28,70,2020-09-09 15:10:29.229952+00:00
340,341,25,35,10,21,5,0.99,5.25,2.52,34.17,65.83,36,32,48,35,63,2020-09-09 15:11:26.119071+00:00
341,342,24,34,10,22,5,0.78,1.39,4.47,11.73,65.83,28,26,9,26,63,2020-09-09 15:12:27.605097+00:00
342,343,23,39,9,24,5,0.36,2.54,4.53,6.90,65.08,34,35,51,24,63,2020-09-09 15:13:30.393590+00:00
343,344,20,37,10,22,4,0.41,2.25,4.51,12.10,31.60,30,35,48,34,60,2020-09-09 15:14:30.571116+00:00
344,345,23,38,10,22,5,0.36,2.88,3.47,13.70,58.86,30,31,3,23,60,2020-09-09 15:15:32.147450+00:00
345,346,24,36,10,23,5,1.56,2.33,2.61,13.08,52.21,33,26,45,27,9,2020-09-09 15:16:33.663085+00:00
346,347,26,39,10,23,5,0.58,3.77,6.73,27.76,51.96,36,26,48,26,60,2020-09-09 15:17:30.661870+00:00
347,348,30,39,9,25,5,0.46,2.46,4.44,8.50,60.31,24,31,45,27,66,2020-09-09 15:18:29.173014+00:00
348,349,30,40,8,23,5,1.33,1.19,6.24,8.60,652.33,33,23,3,26,66,2020-09-09 15:19:28.962093+00:00
349,350,30,39,8,24,5,1.33,3.43,1.93,12.46,57.33,31,29,3,34,60,2020-09-09 15:20:30.362846+00:00
350,351,32,38,8,22,5,1.02,3.05,6.01,12.48,34.45,28,26,51,32,54,2020-09-09 15:21:27.398264+00:00
351,352,30,38,9,23,5,0.75,6.77,3.23,11.25,83.93,30,26,45,26,61,2020-09-09 15:22:25.946951+00:00
352,353,30,36,8,18,5,1.05,4.36,3.47,12.21,63.48,29,35,46,32,64,2020-09-09 15:23:26.574264+00:00
353,354,28,39,8,19,5,0.55,2.01,7.80,18.35,33.60,27,29,6,26,62,2020-09-09 15:24:30.900585+00:00
354,355,27,43,11,20,4,0.59,1.65,7.67,12.56,22.10,27,24,56,31,3,2020-09-09 15:25:31.055840+00:00
355,356,27,41,11,20,4,0.75,4.18,4.66,61.35,33.70,30,31,51,32,6,2020-09-09 15:26:28.223743+00:00
356,357,25,42,10,20,4,0.30,2.19,5.13,48.70,14.65,30,20,51,33,54,2020-09-09 15:27:28.243462+00:00
357,358,27,41,11,19,4,0.65,1.72,4.62,15.38,37.03,27,26,51,26,62,2020-09-09 15:28:32.240956+00:00
358,359,27,43,10,21,4,0.54,1.56,2.38,20.02,33.52,26,27,50,31,67,2020-09-09 15:29:29.892409+00:00
359,360,27,46,10,21,4,0.55,3.86,2.27,16.30,36.45,26,27,46,27,58,2020-09-09 15:30:30.233439+00:00
360,361,27,40,9,21,4,0.90,4.07,1.88,35.09,27.02,30,29,3,32,60,2020-09-09 15:31:28.171651+00:00
361,362,28,42,9,20,4,0.56,2.53,1.86,18.91,16.55,27,35,3,35,58,2020-09-09 15:32:27.499193+00:00
362,363,29,44,8,20,4,0.93,3.50,1.97,22.04,92.10,31,26,45,31,66,2020-09-09 15:33:27.474411+00:00
363,364,28,45,8,21,4,0.80,3.65,2.77,16.90,17.42,28,29,48,28,61,2020-09-09 15:34:27.651703+00:00
364,365,27,50,7,18,4,0.33,5.84,9.99,21.76,33.80,27,35,48,29,62,2020-09-09 15:35:28.200538+00:00
365,366,27,50,8,18,4,0.48,9.02,9.69,21.84,52.98,28,26,56,35,67,2020-09-09 15:36:33.683671+00:00
366,367,27,49,8,18,4,0.83,2.22,9.67,18.77,87.72,26,27,56,33,70,2020-09-09 15:37:26.067518+00:00
367,368,27,50,7,18,3,0.48,1.17,8.32,16.80,61.80,29,23,56,29,67,2020-09-09 15:38:27.294087+00:00
368,369,29,49,7,18,3,1.12,3.61,2.26,22.36,80.35,36,28,48,31,71,2020-09-09 15:39:26.378599+00:00
369,370,30,49,9,18,3,1.21,3.65,3.27,49.34,81.05,26,29,46,31,71,2020-09-09 15:40:30.654505+00:00
370,371,28,49,9,18,3,0.68,2.37,2.74,17.35,21.72,27,35,45,35,62,2020-09-09 15:41:25.992702+00:00
371,372,26,50,9,17,4,1.16,1.84,6.61,35.09,21.72,26,26,51,32,62,2020-09-09 15:42:27.603143+00:00
372,373,25,46,9,17,4,0.49,2.14,3.84,19.55,76.45,24,35,3,28,71,2020-09-09 15:43:29.301634+00:00
373,374,22,46,9,18,4,1.10,3.57,6.27,21.06,23.17,27,26,46,33,67,2020-09-09 15:44:29.223456+00:00
374,375,23,46,9,18,4,1.10,2.21,2.40,31.81,38.38,26,26,45,34,71,2020-09-09 15:45:27.845729+00:00
375,376,24,47,8,17,5,0.79,2.29,18.90,26.97,38.50,31,26,50,32,75,2020-09-09 15:46:25.981436+00:00
376,377,23,46,8,17,4,0.79,9.47,4.53,21.44,66.15,30,28,6,35,66,2020-09-09 15:47:30.453652+00:00
377,378,24,45,9,18,4,0.86,2.75,4.41,30.82,24.95,26,26,56,36,67,2020-09-09 15:48:32.324816+00:00
378,379,27,43,9,16,4,0.90,3.59,17.40,18.31,65.62,26,26,51,34,66,2020-09-09 15:49:29.225312+00:00
379,380,28,39,9,15,4,0.53,2.34,13.44,33.10,46.45,26,35,58,28,73,2020-09-09 15:50:31.954546+00:00
380,381,29,39,9,16,4,0.54,1.59,3.41,18.54,41.60,26,23,41,29,75,2020-09-09 15:51:30.834825+00:00
381,382,29,41,9,16,4,0.30,1.75,8.38,31.97,61.83,23,24,58,34,71,2020-09-09 15:52:29.268847+00:00
382,383,27,41,10,16,4,0.85,2.88,8.32,16.74,20.25,30,26,6,29,63,2020-09-09 15:53:28.899129+00:00
383,384,26,42,11,14,4,0.33,2.21,2.83,31.72,20.25,24,27,41,36,63,2020-09-09 15:54:27.479659+00:00
384,385,26,43,11,10,4,0.26,2.89,3.34,11.80,26.10,24,31,3,28,67,2020-09-09 15:55:27.700014+00:00
385,386,24,41,11,9,4,0.66,2.75,5.72,18.72,29.27,32,26,46,35,68,2020-09-09 15:56:30.563755+00:00
386,387,24,38,11,10,4,0.25,2.19,10.77,12.99,28.45,26,28,51,31,66,2020-09-09 15:57:27.321582+00:00
387,388,22,42,11,10,4,0.88,3.22,3.30,10.58,40.90,30,26,51,35,75,2020-09-09 15:58:30.470151+00:00
388,389,26,44,12,9,4,0.82,2.39,3.79,23.53,28.51,31,29,50,40,70,2020-09-09 15:59:32.020394+00:00
389,390,21,42,12,10,5,14.56,3.79,3.42,23.88,24.80,30,29,46,43,70,2020-09-09 16:00:29.074420+00:00
390,391,20,42,12,10,5,0.84,5.11,4.34,32.97,57.70,26,31,40,33,87,2020-09-09 16:01:30.216694+00:00
391,392,21,43,12,9,5,0.90,2.87,2.73,23.43,25.60,30,35,3,45,68,2020-09-09 16:02:27.364531+00:00
392,393,20,43,11,9,5,0.67,3.07,3.26,22.68,32.42,30,26,46,45,66,2020-09-09 16:03:28.925156+00:00
393,394,21,40,10,8,5,0.80,6.12,4.15,23.20,28.13,31,29,50,48,67,2020-09-09 16:04:27.505486+00:00
394,395,21,36,10,12,5,1.49,56.77,4.16,30.56,26.47,28,26,50,47,70,2020-09-09 16:05:30.541250+00:00
395,396,18,38,8,12,5,1.50,3.39,3.52,30.72,16.35,29,35,45,35,61,2020-09-09 16:06:27.539258+00:00
396,397,18,36,8,12,7,0.74,2.57,4.60,19.81,28.75,31,29,46,50,75,2020-09-09 16:07:30.427674+00:00
397,398,21,36,9,12,7,0.74,1.95,10.10,46.20,41.37,31,26,56,37,64,2020-09-09 16:08:27.565751+00:00
398,399,22,38,9,12,7,0.75,3.83,6.66,19.58,16.10,31,29,3,3,2,2020-09-09 16:09:29.410147+00:00
399,400,20,39,9,15,5,0.72,3.29,9.08,33.66,26.95,30,32,46,45,63,2020-09-09 16:10:27.552870+00:00
400,401,21,41,9,15,4,1.61,3.09,3.72,12.09,15.85,32,35,48,47,51,2020-09-09 16:11:32.039942+00:00
401,402,21,43,8,15,4,0.73,2.60,5.84,17.83,29.47,28,33,51,50,63,2020-09-09 16:12:26.222304+00:00
402,403,22,44,7,16,4,0.99,2.28,7.83,14.44,21.71,28,24,46,46,9,2020-09-09 16:13:30.408315+00:00
403,404,24,42,7,15,2,1.00,6.63,3.60,13.52,22.68,29,29,45,46,9,2020-09-09 16:14:30.346138+00:00
404,405,26,45,7,15,2,1.33,6.66,2.83,26.96,22.68,36,35,45,46,9,2020-09-09 16:15:27.767471+00:00
405,406,29,43,7,16,2,0.76,4.53,3.29,31.70,22.68,30,35,46,48,9,2020-09-09 16:16:27.516056+00:00
406,407,30,43,7,16,2,0.84,3.06,3.12,23.00,22.68,27,35,46,33,9,2020-09-09 16:17:30.698947+00:00
407,408,28,45,8,16,2,0.42,1.43,8.49,9.50,22.68,30,23,3,45,9,2020-09-09 16:18:25.996425+00:00
408,409,29,45,6,17,1,0.40,4.90,5.73,13.50,2.00,30,35,48,41,-1,2020-09-09 16:19:29.094430+00:00
409,410,27,44,5,17,1,0.50,5.64,4.99,45.67,2.00,31,26,51,40,-1,2020-09-09 16:20:31.907668+00:00
410,411,29,47,5,17,1,0.75,6.63,7.60,12.30,2.00,29,26,3,40,-1,2020-09-09 16:21:25.989770+00:00
411,412,30,44,5,17,1,1.06,3.18,2.63,16.85,2.00,28,26,46,35,-1,2020-09-09 16:22:30.096323+00:00
412,413,30,44,5,17,1,1.00,6.55,5.92,19.20,2.00,30,32,2,40,-1,2020-09-09 16:23:32.066352+00:00
413,414,30,47,6,17,1,0.59,2.42,3.80,13.30,2.00,28,26,9,37,-1,2020-09-09 16:24:30.229109+00:00
414,415,31,46,6,17,1,1.44,6.53,6.66,39.76,2.00,34,33,2,45,-1,2020-09-09 16:25:27.659256+00:00
415,416,34,44,6,16,1,0.92,2.90,3.95,26.23,2.00,31,28,50,40,-1,2020-09-09 16:26:27.392872+00:00
416,417,32,45,6,15,1,1.70,1.32,5.82,26.49,2.00,36,26,54,35,-1,2020-09-09 16:27:28.706580+00:00
417,418,31,44,6,14,1,0.59,4.35,6.43,26.36,2.00,30,32,2,33,-1,2020-09-09 16:28:27.678151+00:00
418,419,32,46,4,13,1,1.20,1.78,3.61,20.12,2.00,29,26,9,31,-1,2020-09-09 16:29:30.141771+00:00
419,420,32,47,4,15,1,0.56,3.36,5.14,29.43,2.00,30,26,6,36,-1,2020-09-09 16:30:29.414213+00:00
420,421,33,50,5,14,1,0.46,2.20,3.79,18.47,2.00,30,24,50,32,-1,2020-09-09 16:31:27.438359+00:00
421,422,32,48,6,15,1,0.46,3.97,3.60,16.88,2.00,29,29,9,35,-1,2020-09-09 16:32:27.512860+00:00
422,423,33,48,6,12,1,0.60,2.09,3.90,30.89,2.00,30,24,60,36,-1,2020-09-09 16:33:27.647828+00:00
423,424,37,50,5,15,1,0.84,1.15,3.91,47.92,2.00,29,24,9,40,-1,2020-09-09 16:34:29.440439+00:00
424,425,35,50,4,16,1,0.48,2.01,4.86,44.82,2.00,30,29,3,40,-1,2020-09-09 16:35:29.774417+00:00
425,426,36,50,4,15,1,0.76,2.12,3.70,29.17,2.00,29,24,62,37,-1,2020-09-09 16:36:30.901150+00:00
426,427,36,49,5,15,1,0.61,2.06,4.72,18.59,2.00,29,24,6,39,-1,2020-09-09 16:37:31.105137+00:00
427,428,34,50,4,14,1,1.25,2.78,6.20,36.52,2.00,29,28,62,35,-1,2020-09-09 16:38:27.946805+00:00
428,429,35,50,6,12,1,0.92,1.93,4.98,35.27,2.00,29,27,61,42,-1,2020-09-09 16:39:30.977760+00:00
429,430,34,50,6,10,1,0.82,2.86,6.46,17.54,2.00,30,26,58,42,-1,2020-09-09 16:40:28.124908+00:00
430,431,36,50,5,10,1,0.95,4.29,8.90,40.47,2.00,31,28,66,44,-1,2020-09-09 16:41:29.544963+00:00
431,432,36,50,5,10,1,0.56,1.45,5.15,14.79,2.00,26,28,60,42,-1,2020-09-09 16:42:28.611405+00:00
432,433,34,47,5,10,1,0.53,3.96,5.86,37.36,2.00,26,28,60,44,-1,2020-09-09 16:43:28.705039+00:00
433,434,36,48,9,11,1,0.59,2.58,4.49,25.80,2.00,29,26,50,41,-1,2020-09-09 16:44:30.242234+00:00
434,435,37,46,9,11,1,0.67,3.99,3.23,23.62,2.00,30,35,6,41,-1,2020-09-09 16:45:28.077761+00:00
435,436,35,46,10,11,1,1.14,2.47,4.40,51.67,2.00,30,35,42,46,-1,2020-09-09 16:46:25.951864+00:00
436,437,34,48,10,11,1,0.94,2.87,6.69,31.70,2.00,33,27,6,44,-1,2020-09-09 16:47:26.024118+00:00
437,438,33,46,9,11,1,1.26,3.35,6.35,47.19,2.00,30,35,54,43,-1,2020-09-09 16:48:27.445982+00:00
438,439,29,49,9,9,1,0.89,2.38,13.29,18.28,2.00,26,26,67,45,-1,2020-09-09 16:49:27.255994+00:00
439,440,33,49,7,9,1,0.90,3.58,6.60,18.01,2.00,24,35,45,44,-1,2020-09-09 16:50:26.234011+00:00
440,441,35,47,7,12,1,0.96,2.59,4.75,17.13,2.00,30,27,62,45,-1,2020-09-09 16:51:27.345174+00:00
441,442,36,45,7,12,1,0.90,4.76,9.70,13.72,2.00,32,23,54,3,-1,2020-09-09 16:52:30.537021+00:00
442,443,37,46,6,12,1,1.03,2.49,4.29,15.19,2.00,26,28,3,43,-1,2020-09-09 16:53:29.121689+00:00
443,444,40,47,6,12,1,0.80,7.67,6.84,14.13,2.00,31,29,61,3,-1,2020-09-09 16:54:30.159429+00:00
444,445,37,48,5,12,1,1.21,7.65,6.91,29.19,2.00,30,28,62,48,-1,2020-09-09 16:55:30.220528+00:00
445,446,37,50,5,12,1,0.71,3.60,7.36,12.79,2.00,30,28,64,46,-1,2020-09-09 16:56:27.430166+00:00
446,447,36,50,4,13,1,1.25,3.78,7.85,15.23,2.00,26,27,66,6,-1,2020-09-09 16:57:27.329420+00:00
447,448,37,50,5,15,1,2.23,3.57,5.89,12.00,2.00,32,26,48,48,-1,2020-09-09 16:58:30.262756+00:00
448,449,38,46,5,16,1,1.10,4.64,5.90,12.60,2.00,26,35,9,50,-1,2020-09-09 16:59:30.432120+00:00
449,450,40,46,6,17,1,0.78,2.73,5.90,9.19,2.00,31,24,9,48,-1,2020-09-09 17:00:25.911391+00:00
450,451,37,49,6,19,1,1.37,2.52,6.03,21.37,2.00,27,26,9,49,-1,2020-09-09 17:01:26.068600+00:00
451,452,36,48,4,18,1,1.09,2.43,7.10,11.88,2.00,36,26,63,56,-1,2020-09-09 17:02:29.298749+00:00
452,453,38,46,4,18,1,0.51,2.13,7.09,33.96,2.00,27,24,62,42,-1,2020-09-09 17:03:26.099941+00:00
453,454,36,47,4,18,1,0.77,3.87,12.88,11.94,2.00,32,26,62,2,-1,2020-09-09 17:04:27.460393+00:00
454,455,35,49,5,19,1,1.16,5.06,6.86,20.73,2.00,30,31,64,54,-1,2020-09-09 17:05:24.427846+00:00
455,456,32,50,5,19,2,0.55,3.38,10.56,13.40,16.00,28,26,62,42,51,2020-09-09 17:06:27.683677+00:00
456,457,33,50,5,19,2,0.79,3.90,56.96,12.04,25.34,30,26,64,49,60,2020-09-09 17:07:30.533388+00:00
457,458,35,50,5,18,2,1.16,2.48,7.13,33.09,21.26,31,26,60,42,60,2020-09-09 17:08:27.449661+00:00
458,459,41,47,4,21,2,0.87,2.60,6.02,32.69,84.17,35,28,62,35,58,2020-09-09 17:09:27.907260+00:00
459,460,40,47,4,20,2,0.32,1.97,3.70,12.60,84.22,30,24,62,42,58,2020-09-09 17:10:31.298052+00:00
460,461,40,43,5,21,2,0.49,1.59,6.07,13.20,84.22,28,24,69,37,58,2020-09-09 17:11:30.513469+00:00
461,462,40,43,5,19,2,1.07,1.10,6.36,32.83,26.62,33,22,69,37,60,2020-09-09 17:12:26.339059+00:00
462,463,40,44,5,19,2,0.57,4.13,7.06,11.38,31.22,28,26,67,36,63,2020-09-09 17:13:25.914165+00:00
463,464,39,47,5,17,3,0.73,2.75,6.85,12.69,30.39,32,27,66,36,63,2020-09-09 17:14:26.060589+00:00
464,465,37,46,5,16,3,1.09,4.71,8.44,12.57,28.57,30,26,70,34,58,2020-09-09 17:15:25.851142+00:00
465,466,39,46,6,15,3,0.53,3.15,3.26,27.01,22.52,32,26,54,35,9,2020-09-09 17:16:30.485130+00:00
466,467,38,47,7,15,3,0.85,2.42,4.46,20.41,22.52,36,32,69,47,9,2020-09-09 17:17:27.611850+00:00
467,468,42,45,8,14,3,0.70,2.35,6.73,25.14,27.37,31,31,67,41,58,2020-09-09 17:18:30.393761+00:00
468,469,36,46,10,14,4,0.43,1.72,4.34,27.06,27.44,27,29,66,43,67,2020-09-09 17:19:30.576028+00:00
469,470,38,47,10,15,4,0.99,1.12,9.98,12.52,33.58,32,24,69,35,58,2020-09-09 17:20:30.827645+00:00
470,471,36,45,11,16,5,0.89,4.17,4.53,11.70,33.47,28,27,3,37,58,2020-09-09 17:21:27.414002+00:00
471,472,36,45,11,16,5,1.01,3.32,7.87,12.72,104.89,30,24,62,32,6,2020-09-09 17:22:27.511125+00:00
472,473,39,47,11,15,4,0.78,2.33,12.59,12.27,31.33,32,24,56,33,67,2020-09-09 17:23:30.697564+00:00
473,474,35,44,11,9,3,0.98,6.09,4.23,14.27,103.27,29,35,50,36,51,2020-09-09 17:24:28.813813+00:00
474,475,34,49,13,7,3,0.57,4.77,4.35,11.51,29.91,33,24,51,41,2,2020-09-09 17:25:29.515252+00:00
475,476,33,45,11,7,3,1.07,2.09,2.83,12.46,30.53,30,26,50,45,51,2020-09-09 17:26:30.006034+00:00
476,477,34,45,14,7,2,0.58,2.85,4.30,11.71,30.53,31,24,51,42,50,2020-09-09 17:27:27.967089+00:00
477,478,34,43,15,6,2,0.98,2.96,8.09,26.16,30.41,29,24,48,35,9,2020-09-09 17:28:31.977215+00:00
478,479,34,45,15,6,2,0.98,2.29,4.26,21.10,30.66,30,26,50,49,3,2020-09-09 17:29:33.887371+00:00
479,480,34,48,16,6,2,0.42,3.10,2.39,20.75,30.66,27,28,42,41,3,2020-09-09 17:30:30.812901+00:00
480,481,33,49,16,6,2,1.75,2.02,6.59,16.70,31.48,34,23,46,46,3,2020-09-09 17:31:30.839134+00:00
481,482,34,50,17,6,2,0.64,6.50,3.33,20.65,27.24,31,26,47,43,51,2020-09-09 17:32:27.973199+00:00
482,483,34,50,17,6,2,0.92,2.97,5.38,18.74,24.74,30,28,28,49,51,2020-09-09 17:33:27.586312+00:00
483,484,36,49,16,6,2,1.35,4.41,8.63,19.79,26.77,36,35,6,54,3,2020-09-09 17:34:29.055653+00:00
484,485,36,49,16,6,2,1.76,2.24,3.30,20.20,27.35,36,27,39,44,67,2020-09-09 17:35:30.672119+00:00
485,486,37,50,16,9,2,0.90,3.46,4.49,20.30,561.17,30,23,1,46,58,2020-09-09 17:36:27.453168+00:00
486,487,39,49,16,9,2,0.57,3.39,4.35,22.33,24.89,30,26,42,50,6,2020-09-09 17:37:29.132645+00:00
487,488,39,47,16,9,2,1.16,3.45,3.40,17.99,54.62,30,26,35,48,66,2020-09-09 17:38:27.852577+00:00
488,489,36,48,16,10,2,0.24,3.49,5.48,13.23,25.59,29,27,36,48,9,2020-09-09 17:39:29.507835+00:00
489,490,35,50,15,10,3,2.38,3.44,6.45,12.83,25.59,34,28,50,45,58,2020-09-09 17:40:31.909239+00:00
490,491,34,50,17,12,3,0.58,4.85,5.45,23.09,19.58,26,26,40,3,67,2020-09-09 17:41:27.990595+00:00
491,492,35,50,17,13,3,1.18,1.48,4.31,12.34,19.58,31,26,39,40,67,2020-09-09 17:42:30.653290+00:00
492,493,35,50,18,12,7,0.87,2.94,12.06,15.66,100.02,30,28,40,2,67,2020-09-09 17:43:27.810857+00:00
493,494,40,50,17,10,7,0.61,2.41,2.49,12.85,25.40,27,26,33,43,61,2020-09-09 17:44:33.988492+00:00
494,495,40,50,19,13,7,1.70,6.58,6.10,15.36,81.73,33,24,32,6,2,2020-09-09 17:45:25.519601+00:00
495,496,41,50,23,11,8,1.35,2.39,3.69,12.86,64.30,30,22,35,56,51,2020-09-09 17:46:30.519506+00:00
496,497,38,50,23,11,8,0.98,2.54,4.92,26.15,20.32,30,26,37,54,45,2020-09-09 17:47:30.593189+00:00
497,498,40,50,23,11,10,2.38,4.78,4.12,27.01,55.59,34,27,31,56,51,2020-09-09 17:48:27.726368+00:00
498,499,32,50,21,10,10,0.54,3.63,6.42,12.88,33.92,26,28,36,46,3,2020-09-09 17:49:27.647616+00:00
499,500,34,50,22,10,9,3.00,3.78,6.63,21.63,85.68,36,26,36,46,64,2020-09-09 17:50:28.668849+00:00
500,501,34,50,19,10,8,0.32,4.58,20.94,12.87,76.01,27,23,35,49,45,2020-09-09 17:51:30.891045+00:00
501,502,35,48,19,10,8,0.24,2.74,6.09,10.57,33.04,28,26,29,47,50,2020-09-09 17:52:30.794745+00:00
502,503,35,50,19,11,10,3.65,3.38,9.54,10.42,160.14,36,26,32,47,2,2020-09-09 17:53:27.670164+00:00
503,504,37,50,18,10,9,1.19,3.25,3.86,14.44,65.72,32,26,32,2,48,2020-09-09 17:54:27.573112+00:00
504,505,40,50,19,11,9,0.36,3.34,16.07,22.90,74.13,23,26,39,56,44,2020-09-09 17:55:26.001547+00:00
505,506,40,50,19,12,8,0.71,3.84,6.00,16.34,25.40,30,23,36,48,44,2020-09-09 17:56:29.882807+00:00
506,507,40,50,19,12,8,0.45,4.35,13.01,21.61,56.65,27,26,30,6,67,2020-09-09 17:57:27.776929+00:00
507,508,46,50,19,12,8,1.00,4.76,15.99,9.71,55.47,33,28,35,40,54,2020-09-09 17:58:27.638612+00:00
508,509,46,50,16,13,7,1.14,6.75,9.30,13.11,856.56,33,26,40,1,48,2020-09-09 17:59:30.662008+00:00
509,510,49,50,16,13,7,0.57,6.70,9.15,9.90,25.72,30,26,37,47,3,2020-09-09 18:00:30.531909+00:00
510,511,50,50,14,12,7,1.19,4.23,4.20,13.18,41.00,33,27,30,45,46,2020-09-09 18:01:29.335785+00:00
511,512,50,50,14,12,7,1.00,1.44,8.19,41.29,24.86,26,26,36,35,1,2020-09-09 18:02:28.991525+00:00
512,513,50,50,13,12,7,0.90,4.00,2.27,10.84,20.87,27,24,33,46,1,2020-09-09 18:03:30.425120+00:00
513,514,46,50,14,13,7,0.70,3.93,3.56,7.15,23.90,27,28,34,42,3,2020-09-09 18:04:27.954225+00:00
514,515,46,50,16,12,7,2.22,3.89,3.41,46.99,32.83,28,29,35,46,45,2020-09-09 18:05:27.741910+00:00
515,516,46,50,17,12,7,0.84,3.19,4.55,11.58,38.50,26,28,36,48,45,2020-09-09 18:06:33.388440+00:00
516,517,46,50,16,13,7,0.80,5.93,2.94,40.49,41.30,28,26,40,36,46,2020-09-09 18:07:25.899416+00:00
517,518,47,50,19,13,7,1.15,4.96,2.88,42.76,36.62,32,31,36,41,1,2020-09-09 18:08:29.297793+00:00
518,519,48,50,19,14,7,1.43,5.25,9.68,12.73,38.90,30,31,39,42,48,2020-09-09 18:09:29.379498+00:00
519,520,49,50,20,14,7,1.01,4.74,5.32,13.03,35.60,28,28,36,42,3,2020-09-09 18:10:27.541754+00:00
520,521,47,50,19,17,7,1.25,4.10,8.63,22.49,18.20,28,22,35,56,3,2020-09-09 18:11:32.304023+00:00
521,522,45,50,21,17,7,0.60,6.09,12.68,12.96,15.25,30,26,44,47,35,2020-09-09 18:12:33.825863+00:00
522,523,46,50,21,17,7,0.57,2.92,5.23,21.17,17.55,28,24,34,41,1,2020-09-09 18:13:31.927374+00:00
523,524,46,50,21,15,6,0.41,3.07,8.32,11.77,94.35,26,26,35,43,51,2020-09-09 18:14:27.756250+00:00
524,525,46,50,21,15,6,0.62,2.48,2.76,19.80,90.08,30,26,32,40,51,2020-09-09 18:15:30.522109+00:00
525,526,44,50,23,13,6,0.31,3.86,4.15,19.12,18.30,26,22,37,39,3,2020-09-09 18:16:27.596235+00:00
526,527,46,50,23,13,6,0.44,3.86,8.69,12.82,21.95,26,23,36,41,40,2020-09-09 18:17:26.426926+00:00
527,528,45,50,23,13,6,0.69,4.58,4.10,20.23,24.07,27,29,36,35,1,2020-09-09 18:18:27.433557+00:00
528,529,45,50,24,11,6,0.56,4.84,4.45,39.79,27.41,26,28,34,36,1,2020-09-09 18:19:32.075400+00:00
529,530,44,50,24,14,5,2.24,3.66,5.38,14.48,33.60,29,29,32,37,46,2020-09-09 18:20:29.108578+00:00
530,531,43,49,23,14,4,1.33,3.55,5.31,45.69,107.89,30,22,31,35,9,2020-09-09 18:21:27.579593+00:00
531,532,43,49,21,14,4,0.87,4.29,5.02,40.52,27.86,24,29,30,37,44,2020-09-09 18:22:29.365775+00:00
532,533,40,50,26,16,4,0.44,6.87,2.95,38.81,26.86,26,26,27,37,44,2020-09-09 18:23:26.057539+00:00
533,534,40,50,27,16,3,0.93,7.84,8.17,17.16,36.72,29,34,26,32,51,2020-09-09 18:24:30.319506+00:00
534,535,39,50,24,18,3,0.86,7.14,15.62,20.83,119.41,31,31,32,44,9,2020-09-09 18:25:27.416600+00:00
535,536,41,48,21,15,5,0.98,1.97,5.03,19.09,23.60,30,26,28,34,46,2020-09-09 18:26:30.551900+00:00
536,537,40,46,22,15,5,0.40,4.53,3.56,33.41,37.71,26,35,27,32,9,2020-09-09 18:27:27.505149+00:00
537,538,39,46,22,16,5,0.47,5.62,3.42,29.36,37.97,26,35,26,33,50,2020-09-09 18:28:27.579439+00:00
538,539,40,50,22,15,5,0.45,2.00,7.21,15.28,42.13,26,26,27,32,54,2020-09-09 18:29:27.784018+00:00
539,540,38,50,21,14,5,0.44,11.64,2.13,35.16,67.53,30,29,26,44,46,2020-09-09 18:30:29.131398+00:00
540,541,36,50,21,14,6,2.60,4.75,2.62,17.14,69.03,30,27,27,37,47,2020-09-09 18:31:30.682812+00:00
541,542,34,50,23,13,6,0.59,2.58,2.91,19.54,44.88,27,35,24,43,58,2020-09-09 18:32:30.534574+00:00
542,543,33,50,21,13,6,2.24,3.67,16.37,58.93,80.72,30,28,28,35,50,2020-09-09 18:33:26.272391+00:00
543,544,28,50,21,13,4,1.79,2.19,12.18,20.77,117.59,29,26,28,43,50,2020-09-09 18:34:27.544069+00:00
544,545,31,50,23,13,3,0.60,2.57,4.87,11.77,40.75,29,29,33,35,58,2020-09-09 18:35:31.461244+00:00
545,546,32,50,23,14,3,1.49,5.29,10.24,42.02,44.67,31,35,27,41,47,2020-09-09 18:36:27.433041+00:00
546,547,32,50,23,11,2,0.71,1.69,9.96,42.07,44.79,30,24,36,41,48,2020-09-09 18:37:26.273881+00:00
547,548,33,50,22,13,2,0.93,4.24,9.96,32.30,126.21,30,29,36,36,51,2020-09-09 18:38:30.569056+00:00
548,549,34,50,26,11,2,1.08,2.28,10.63,17.75,25.92,26,28,26,43,47,2020-09-09 18:39:27.733649+00:00
549,550,31,50,25,11,2,0.65,2.02,5.90,18.75,25.09,28,27,26,45,47,2020-09-09 18:40:27.544749+00:00
550,551,31,50,26,12,2,0.65,4.89,7.89,17.85,131.09,28,26,26,42,3,2020-09-09 18:41:26.160826+00:00
551,552,31,50,26,12,2,0.22,4.79,8.11,10.47,23.67,20,26,26,42,45,2020-09-09 18:42:26.001249+00:00
552,553,31,50,27,12,2,0.68,7.29,8.08,1.99,131.41,28,33,26,39,58,2020-09-09 18:43:28.921612+00:00
553,554,29,50,25,12,2,0.41,3.25,4.71,22.83,130.16,24,32,27,43,60,2020-09-09 18:44:29.902877+00:00
554,555,31,50,27,16,3,0.64,4.55,3.41,33.32,35.76,26,29,24,42,50,2020-09-09 18:45:27.617605+00:00
555,556,31,50,27,18,2,0.85,1.95,5.34,11.65,161.41,26,22,27,39,61,2020-09-09 18:46:27.259439+00:00
556,557,32,50,27,18,2,0.59,2.99,3.84,37.03,36.38,30,27,26,39,54,2020-09-09 18:47:25.744798+00:00
557,558,32,50,27,16,2,0.31,2.97,8.35,15.59,42.86,26,26,26,40,67,2020-09-09 18:48:32.347354+00:00
558,559,34,50,28,17,2,1.80,5.70,5.58,38.63,130.55,27,29,24,41,66,2020-09-09 18:49:31.978820+00:00
559,560,34,50,29,16,2,0.55,4.99,4.16,12.35,43.36,29,26,26,33,64,2020-09-09 18:50:25.337491+00:00
560,561,34,50,29,17,2,1.09,4.71,4.90,3.71,100.75,30,24,26,40,68,2020-09-09 18:51:30.727980+00:00
561,562,33,50,31,16,2,0.79,2.80,2.77,31.51,39.47,26,26,24,39,66,2020-09-09 18:52:30.609249+00:00
562,563,34,50,31,16,2,0.34,5.54,8.06,19.93,39.35,26,26,24,41,66,2020-09-09 18:53:30.344974+00:00
563,564,35,50,31,19,2,0.45,3.04,2.70,40.58,43.35,24,31,26,40,67,2020-09-09 18:54:30.362690+00:00
564,565,39,50,31,19,2,1.31,4.22,7.67,22.77,121.52,32,26,26,42,68,2020-09-09 18:55:25.577054+00:00
565,566,40,50,31,21,2,0.86,4.20,9.21,31.61,46.40,27,29,26,33,70,2020-09-09 18:56:27.476444+00:00
566,567,41,50,31,22,2,0.43,3.15,5.84,43.40,46.40,26,29,29,35,70,2020-09-09 18:57:27.490496+00:00
567,568,39,50,30,21,2,0.84,4.86,2.74,28.98,197.99,26,26,28,35,75,2020-09-09 18:58:27.707065+00:00
568,569,34,50,29,18,2,0.79,1.86,71.77,16.60,197.99,27,26,24,35,75,2020-09-09 18:59:30.484280+00:00
569,570,35,50,23,22,2,0.95,5.22,4.75,30.53,38.63,29,26,26,41,67,2020-09-09 19:00:27.410932+00:00
570,571,35,50,23,22,2,0.29,1.27,10.92,18.53,38.75,26,26,28,31,58,2020-09-09 19:01:27.734801+00:00
571,572,32,50,22,25,2,0.80,5.23,7.60,31.33,32.47,30,27,29,39,6,2020-09-09 19:02:30.399771+00:00
572,573,34,50,25,28,2,0.97,3.07,3.50,17.92,32.47,29,26,27,37,6,2020-09-09 19:03:30.651986+00:00
573,574,32,50,26,28,2,1.85,0.90,4.48,12.58,30.40,30,20,27,32,70,2020-09-09 19:04:25.964095+00:00
574,575,31,50,26,29,2,0.48,1.92,8.04,32.73,148.24,26,26,28,35,80,2020-09-09 19:05:27.572414+00:00
575,576,33,50,28,29,2,1.84,7.01,12.89,23.94,148.24,28,35,28,31,80,2020-09-09 19:06:29.107130+00:00
576,577,34,50,27,29,2,1.77,4.51,2.58,39.08,148.24,26,27,21,28,80,2020-09-09 19:07:27.360393+00:00
577,578,32,50,24,31,2,0.64,2.05,10.75,43.22,148.24,31,24,22,33,80,2020-09-09 19:08:26.129539+00:00
578,579,29,50,23,33,2,0.66,1.97,8.38,16.52,148.24,29,23,26,27,80,2020-09-09 19:09:25.831979+00:00
579,580,31,50,24,31,1,0.81,4.54,8.63,35.82,2.00,27,29,30,26,-1,2020-09-09 19:10:27.541522+00:00
580,581,30,50,25,31,2,0.39,4.19,4.34,18.35,29.27,29,28,24,26,70,2020-09-09 19:11:29.273700+00:00
581,582,30,50,26,31,2,1.17,1.65,3.06,19.45,148.74,28,24,26,24,82,2020-09-09 19:12:30.312623+00:00
582,583,31,50,28,31,3,1.50,1.82,5.22,22.45,28.40,26,26,26,24,66,2020-09-09 19:13:27.577835+00:00
583,584,29,50,29,31,3,1.33,1.97,11.42,10.75,31.65,31,21,26,22,61,2020-09-09 19:14:25.966647+00:00
584,585,30,50,33,29,3,0.38,1.30,3.62,29.85,40.08,27,24,27,28,60,2020-09-09 19:15:27.515780+00:00
585,586,31,50,33,29,3,1.07,5.68,7.33,37.63,143.72,28,29,26,28,83,2020-09-09 19:16:27.511815+00:00
586,587,33,50,33,28,2,1.67,2.46,6.81,26.69,39.83,30,27,26,24,62,2020-09-09 19:17:28.178631+00:00
587,588,35,50,32,29,2,0.79,1.70,9.81,31.76,1561.58,29,26,27,26,86,2020-09-09 19:18:25.826692+00:00
588,589,37,50,31,30,2,0.58,4.29,6.65,47.16,46.28,26,27,26,26,66,2020-09-09 19:19:27.459343+00:00
589,590,34,50,35,29,2,0.84,3.02,14.70,23.13,146.57,34,35,24,24,86,2020-09-09 19:20:29.774262+00:00
590,591,34,50,33,28,3,0.59,3.28,4.22,22.50,144.45,24,27,26,24,83,2020-09-09 19:21:32.017334+00:00
591,592,30,50,33,29,3,1.03,4.27,6.12,31.77,144.45,30,26,26,24,81,2020-09-09 19:22:33.728890+00:00
592,593,31,50,32,30,3,0.88,2.20,6.71,20.31,144.45,26,26,27,22,81,2020-09-09 19:23:31.070356+00:00
593,594,32,50,34,31,3,0.69,6.68,4.44,13.74,145.16,29,35,26,23,83,2020-09-09 19:24:26.390720+00:00
594,595,32,50,36,32,4,0.32,3.92,5.29,31.85,52.48,24,26,27,28,68,2020-09-09 19:25:31.224855+00:00
595,596,36,50,36,30,3,1.18,4.21,4.22,25.56,62.35,28,35,28,26,66,2020-09-09 19:26:25.913128+00:00
596,597,39,50,37,32,3,0.53,1.31,4.46,20.89,48.23,22,26,27,27,62,2020-09-09 19:27:27.484439+00:00
597,598,36,50,39,33,4,0.68,3.44,4.26,25.51,36.72,26,29,26,27,2,2020-09-09 19:28:25.937263+00:00
598,599,33,50,37,36,4,1.40,1.71,3.64,33.21,54.17,29,27,28,26,66,2020-09-09 19:29:30.353542+00:00
599,600,34,50,35,38,3,0.55,3.70,4.35,34.64,29.06,26,27,26,23,6,2020-09-09 19:30:27.557386+00:00
600,601,30,50,35,35,3,0.21,1.95,71.73,26.84,59.04,24,35,27,28,66,2020-09-09 19:31:28.012895+00:00
601,602,29,50,34,34,3,0.75,2.78,7.92,56.76,25.86,33,26,29,26,58,2020-09-09 19:32:27.524153+00:00
602,603,30,50,34,32,4,0.79,1.09,5.81,21.02,24.85,24,26,27,26,67,2020-09-09 19:33:30.574954+00:00
603,604,31,50,36,32,4,0.44,2.70,6.10,24.75,75.97,23,26,26,26,6,2020-09-09 19:34:25.980506+00:00
604,605,30,50,34,31,4,0.79,1.30,12.56,36.66,20.55,28,24,26,28,58,2020-09-09 19:35:32.265192+00:00
605,606,33,50,32,30,5,1.01,2.96,14.80,37.78,18.48,27,26,29,29,9,2020-09-09 19:36:26.101329+00:00
606,607,33,50,33,31,5,1.29,3.51,6.00,37.78,18.48,27,35,24,29,9,2020-09-09 19:37:27.578696+00:00
607,608,32,50,33,28,5,0.37,3.89,3.82,24.46,37.10,23,26,24,26,70,2020-09-09 19:38:27.760166+00:00
608,609,34,50,30,27,6,0.46,3.80,8.59,55.91,23.29,26,35,28,27,61,2020-09-09 19:39:30.676853+00:00
609,610,32,50,30,27,6,0.34,4.49,12.47,62.08,41.81,26,26,28,26,75,2020-09-09 19:40:29.145600+00:00
610,611,33,50,29,31,5,0.39,3.80,7.14,40.89,27.67,26,26,31,26,66,2020-09-09 19:41:25.717262+00:00
611,612,33,50,28,31,5,1.18,1.62,3.88,50.54,100.24,30,27,26,26,56,2020-09-09 19:42:27.312877+00:00
612,613,33,50,27,34,5,0.71,4.64,14.30,16.16,28.73,28,26,29,21,67,2020-09-09 19:43:27.418881+00:00
613,614,39,50,26,39,5,1.28,1.93,8.98,40.37,29.89,28,23,27,28,69,2020-09-09 19:44:30.397145+00:00
614,615,39,50,27,35,5,1.44,2.30,5.88,37.10,33.72,36,27,28,23,1,2020-09-09 19:45:25.794561+00:00
615,616,42,50,27,37,7,1.36,4.97,3.17,56.09,25.90,27,35,26,26,58,2020-09-09 19:46:32.159131+00:00
616,617,40,50,28,37,6,0.68,2.69,9.27,26.04,25.96,30,26,28,24,62,2020-09-09 19:47:25.849289+00:00
617,618,43,50,29,37,5,0.58,1.82,10.52,25.97,57.59,23,26,30,26,67,2020-09-09 19:48:27.285227+00:00
618,619,45,50,31,38,5,0.93,4.51,10.41,24.31,104.45,26,26,27,26,6,2020-09-09 19:49:25.845374+00:00
619,620,40,50,35,42,5,0.87,2.96,4.80,12.68,56.64,32,26,24,21,58,2020-09-09 19:50:26.053851+00:00
620,621,38,50,33,41,4,0.90,2.32,13.22,15.93,24.36,26,27,29,22,58,2020-09-09 19:51:25.987898+00:00
621,622,38,50,33,40,4,0.96,5.38,5.69,63.74,40.24,32,23,28,26,9,2020-09-09 19:52:26.088490+00:00
622,623,32,50,34,40,4,0.92,7.63,14.44,15.88,71.56,26,26,27,23,69,2020-09-09 19:53:29.416902+00:00
623,624,32,50,34,41,4,0.54,4.31,4.30,41.53,65.37,30,26,26,28,1,2020-09-09 19:54:25.993760+00:00
624,625,28,50,37,40,4,0.46,2.72,10.35,61.10,21.26,26,28,30,28,68,2020-09-09 19:55:27.414027+00:00
625,626,29,50,37,40,4,0.67,4.39,16.78,27.35,33.02,26,28,28,27,69,2020-09-09 19:56:29.106676+00:00
626,627,31,50,38,40,4,1.00,2.83,2.90,48.05,21.88,30,26,23,26,69,2020-09-09 19:57:27.314536+00:00
627,628,37,50,41,41,5,0.41,8.51,10.66,54.90,33.65,24,26,28,26,71,2020-09-09 19:58:27.342960+00:00
628,629,39,50,39,42,4,0.81,2.37,18.07,33.97,24.55,28,22,28,35,70,2020-09-09 19:59:27.591493+00:00
629,630,40,50,40,41,5,0.59,3.28,6.13,42.24,70.45,27,27,30,28,8,2020-09-09 20:00:27.733769+00:00
630,631,40,50,42,41,5,1.22,2.30,5.71,17.32,27.30,26,23,30,23,70,2020-09-09 20:01:25.961498+00:00
631,632,40,50,43,40,5,0.83,4.10,7.70,28.78,34.22,27,28,26,26,76,2020-09-09 20:02:25.878517+00:00
632,633,38,50,43,40,5,0.62,3.30,13.18,42.44,59.80,26,28,29,27,60,2020-09-09 20:03:26.298469+00:00
633,634,40,50,44,37,5,0.61,2.92,2.77,34.40,25.75,26,23,28,26,76,2020-09-09 20:04:26.068196+00:00
634,635,39,50,43,32,4,0.62,8.04,6.41,15.98,356.32,26,28,29,27,80,2020-09-09 20:05:26.000048+00:00
635,636,42,50,42,31,4,0.77,6.62,2.96,28.49,37.72,33,22,29,26,81,2020-09-09 20:06:30.253072+00:00
636,637,42,50,43,30,5,0.46,5.60,3.59,17.96,61.65,23,24,26,26,60,2020-09-09 20:07:27.567121+00:00
637,638,38,50,44,33,4,0.99,3.45,3.37,18.26,34.17,23,23,26,26,61,2020-09-09 20:08:32.211319+00:00
638,639,34,50,43,34,4,0.61,4.28,18.58,12.03,45.83,28,26,29,23,70,2020-09-09 20:09:27.613562+00:00
639,640,35,50,43,34,4,0.25,2.62,7.00,64.18,45.83,26,22,28,31,70,2020-09-09 20:10:32.139938+00:00
640,641,36,50,43,34,4,0.98,2.00,6.16,15.28,49.00,30,23,27,23,67,2020-09-09 20:11:27.828624+00:00
641,642,36,50,42,35,5,0.94,2.63,6.48,19.74,49.00,26,24,22,26,67,2020-09-09 20:12:32.153454+00:00
642,643,36,50,42,34,5,0.88,2.90,6.12,16.59,34.15,29,20,26,23,60,2020-09-09 20:13:27.302443+00:00
643,644,32,50,43,35,4,0.95,1.49,2.80,26.32,30.08,26,22,26,26,73,2020-09-09 20:14:24.605250+00:00
644,645,33,50,41,37,4,0.56,4.95,4.43,31.85,656.86,26,26,30,28,60,2020-09-09 20:15:29.246782+00:00
645,646,36,50,40,40,4,1.06,2.78,6.53,16.28,39.87,26,22,26,21,66,2020-09-09 20:16:28.965324+00:00
646,647,36,50,41,40,3,1.07,1.69,4.16,39.56,656.36,31,21,27,26,67,2020-09-09 20:17:27.603996+00:00
647,648,36,50,39,41,3,1.07,6.22,4.33,38.34,56.79,26,26,30,26,9,2020-09-09 20:18:29.200746+00:00
648,649,36,50,38,38,6,0.63,5.44,4.36,21.10,29.42,34,23,26,24,2,2020-09-09 20:19:29.277494+00:00
649,650,34,50,38,38,7,0.58,1.98,9.41,55.47,29.67,24,22,29,33,56,2020-09-09 20:20:25.970427+00:00
650,651,36,50,36,40,7,0.73,1.17,5.62,34.13,43.62,36,21,24,26,61,2020-09-09 20:21:27.501531+00:00
651,652,36,50,37,39,7,1.06,4.17,13.44,36.37,68.71,30,29,26,26,2,2020-09-09 20:22:31.983100+00:00
652,653,36,50,34,37,8,0.82,2.71,5.12,56.89,27.05,27,23,26,35,48,2020-09-09 20:23:32.136832+00:00
653,654,40,50,34,38,8,0.73,2.54,5.48,51.93,42.11,26,26,26,28,61,2020-09-09 20:24:27.550007+00:00
654,655,44,50,37,37,8,0.44,3.08,13.27,50.48,18.90,31,35,26,26,46,2020-09-09 20:25:27.697138+00:00
655,656,42,50,40,37,6,1.42,4.14,3.14,51.05,45.71,33,22,23,28,58,2020-09-09 20:26:25.722908+00:00
656,657,43,50,41,36,6,0.73,2.14,15.24,25.39,35.48,30,26,26,26,58,2020-09-09 20:27:27.644829+00:00
657,658,45,50,41,41,5,0.73,4.75,14.92,28.07,17.75,30,24,24,24,50,2020-09-09 20:28:27.566058+00:00
658,659,46,50,38,40,5,0.69,2.42,10.71,58.51,31.26,34,28,28,26,2,2020-09-09 20:29:27.674771+00:00
659,660,41,50,39,39,4,0.44,3.83,4.80,35.59,47.58,29,23,26,26,60,2020-09-09 20:30:26.129807+00:00
660,661,44,50,37,38,4,0.67,4.03,8.61,38.01,5656.43,28,27,27,35,56,2020-09-09 20:31:26.041550+00:00
661,662,46,50,36,40,4,1.35,2.50,14.49,16.95,560.06,28,26,26,23,60,2020-09-09 20:32:25.917472+00:00
662,663,44,50,35,41,4,1.43,1.40,4.21,31.28,27.00,27,26,20,26,61,2020-09-09 20:33:30.491220+00:00
663,664,44,50,36,40,4,0.38,3.25,5.94,27.71,23.37,26,21,26,27,58,2020-09-09 20:34:26.153010+00:00
664,665,43,50,35,40,4,0.40,2.12,10.67,33.81,25.42,26,26,28,29,61,2020-09-09 20:35:27.658815+00:00
665,666,42,50,36,37,4,0.53,5.10,11.53,1.96,24.29,29,26,29,26,63,2020-09-09 20:36:27.519306+00:00
666,667,41,50,35,37,4,1.62,3.90,4.27,12.01,29.57,30,27,26,26,66,2020-09-09 20:37:27.842953+00:00
667,668,37,50,34,41,4,0.63,3.41,5.57,14.06,34.45,30,26,29,26,9,2020-09-09 20:38:30.666467+00:00
668,669,35,50,36,42,3,1.94,2.13,3.05,10.54,24.05,27,28,22,21,62,2020-09-09 20:39:27.523422+00:00
669,670,35,50,37,42,3,1.38,4.72,3.95,35.25,40.12,30,35,22,26,64,2020-09-09 20:40:27.837893+00:00
670,671,34,50,35,39,5,0.69,3.43,12.11,36.15,28.13,26,24,30,26,71,2020-09-09 20:41:27.659997+00:00
671,672,34,50,36,43,6,0.30,1.63,7.32,23.34,29.13,26,22,22,21,75,2020-09-09 20:42:28.896550+00:00
672,673,33,50,33,42,7,0.57,2.44,4.81,39.92,28.87,27,23,21,26,66,2020-09-09 20:43:31.994493+00:00
673,674,32,50,32,42,7,1.07,1.48,10.20,33.77,37.73,30,24,26,26,71,2020-09-09 20:44:30.740008+00:00
674,675,31,50,31,43,8,0.83,4.55,7.81,22.96,28.81,30,31,21,23,58,2020-09-09 20:45:29.153041+00:00
675,676,31,50,33,42,8,0.90,2.38,4.71,9.32,34.28,29,26,27,20,67,2020-09-09 20:46:35.134610+00:00
676,677,32,50,33,39,8,0.44,3.47,7.38,20.90,38.14,26,26,21,26,6,2020-09-09 20:47:25.767634+00:00
677,678,35,50,37,42,8,0.90,2.42,5.48,31.24,23.65,30,26,27,23,3,2020-09-09 20:48:26.167144+00:00
678,679,37,50,43,44,8,0.68,4.16,9.62,22.64,59.19,30,29,29,26,61,2020-09-09 20:49:33.458830+00:00
679,680,40,50,42,45,9,0.47,3.96,9.69,20.09,27.42,26,26,26,22,67,2020-09-09 20:50:29.054332+00:00
680,681,40,50,41,45,9,0.50,5.05,6.35,34.97,34.63,29,26,27,27,45,2020-09-09 20:51:29.263725+00:00
681,682,41,50,41,44,9,1.48,3.16,12.72,52.18,55.60,26,29,23,24,61,2020-09-09 20:52:32.152975+00:00
682,683,47,50,42,49,9,0.57,3.71,8.75,17.36,38.14,26,26,26,26,56,2020-09-09 20:53:32.941646+00:00
683,684,47,50,39,47,9,0.76,4.48,7.76,16.43,36.08,30,29,26,26,58,2020-09-09 20:54:32.236823+00:00
684,685,47,50,37,48,8,0.90,1.32,4.46,12.72,36.67,28,21,23,27,6,2020-09-09 20:55:29.524287+00:00
685,686,49,50,37,48,8,0.57,4.21,7.34,35.92,34.39,28,26,29,26,51,2020-09-09 20:56:27.984409+00:00
686,687,50,50,36,48,8,15.63,2.07,7.07,13.61,31.62,26,26,23,26,3,2020-09-09 20:57:27.678443+00:00
687,688,44,50,39,48,8,0.35,4.25,12.64,47.55,33.26,26,32,26,29,51,2020-09-09 20:58:31.028924+00:00
688,689,45,50,42,46,8,156.56,3.47,11.56,16.96,31.26,31,26,27,26,50,2020-09-09 20:59:27.450760+00:00
689,690,45,50,41,43,8,0.58,6.78,9.16,46.50,17.93,30,26,26,27,45,2020-09-09 21:00:26.161685+00:00
690,691,46,50,40,44,8,0.76,5.52,13.60,33.23,17.93,31,26,29,26,45,2020-09-09 21:01:30.803047+00:00
691,692,48,50,41,44,8,1.50,156.56,12.87,50.33,18.06,33,21,26,26,45,2020-09-09 21:02:30.532561+00:00
692,693,45,50,43,42,9,0.57,2.90,7.76,33.43,19.06,30,35,26,23,46,2020-09-09 21:03:30.538024+00:00
693,694,47,50,41,43,8,1.65,2.20,11.19,20.82,62.98,34,31,30,22,50,2020-09-09 21:04:26.050620+00:00
694,695,43,50,38,45,10,1.69,2.98,5.76,34.56,25.46,34,35,26,27,45,2020-09-09 21:05:30.250412+00:00
695,696,45,50,38,46,10,1.47,6.07,3.95,52.54,28.95,31,31,22,28,48,2020-09-09 21:06:29.039703+00:00
696,697,44,50,40,45,10,1.44,6.38,12.95,52.72,27.54,26,23,26,28,3,2020-09-09 21:07:30.631252+00:00
697,698,46,50,39,47,10,0.96,2.85,11.26,16.28,54.79,27,29,30,26,46,2020-09-09 21:08:31.868837+00:00
698,699,47,50,43,46,10,0.88,1.45,4.17,22.61,50.91,30,24,26,24,3,2020-09-09 21:09:27.665296+00:00
699,700,44,50,42,45,10,0.78,1.43,12.27,19.29,63.10,26,24,27,27,3,2020-09-09 21:10:32.276187+00:00
700,701,42,50,39,44,9,1.23,5.05,5.57,22.64,20.04,28,26,26,26,51,2020-09-09 21:11:26.123551+00:00
701,702,42,50,41,42,8,0.77,4.15,13.52,41.85,34.88,26,24,28,28,31,2020-09-09 21:12:30.293596+00:00
702,703,41,50,43,45,8,0.79,2.58,11.19,14.10,63.36,30,26,26,22,46,2020-09-09 21:13:28.994738+00:00
703,704,40,50,42,42,8,0.47,1.27,71.77,29.40,32.53,24,21,29,26,46,2020-09-09 21:14:32.042911+00:00
704,705,39,50,42,41,9,0.88,2.05,10.25,29.61,47.02,31,21,23,28,48,2020-09-09 21:15:27.660517+00:00
705,706,42,50,43,41,8,0.85,3.03,11.15,46.92,46.01,27,26,27,28,45,2020-09-09 21:16:26.105529+00:00
706,707,43,50,44,44,9,0.85,4.14,5.57,64.20,46.13,27,26,26,35,45,2020-09-09 21:17:30.732314+00:00
707,708,42,50,46,41,10,0.51,2.50,4.97,24.50,25.34,26,26,21,27,46,2020-09-09 21:18:30.452416+00:00
708,709,47,50,45,42,12,0.84,5.47,10.92,20.52,49.93,30,23,28,26,48,2020-09-09 21:19:26.148763+00:00
709,710,47,50,45,43,12,0.57,5.47,5.79,51.88,26.22,26,23,23,27,46,2020-09-09 21:20:34.388548+00:00
710,711,48,50,46,44,13,1.16,2.93,11.43,21.97,35.88,30,23,26,28,48,2020-09-09 21:21:27.940461+00:00
711,712,48,50,45,44,13,0.61,2.88,4.17,13.08,20.57,26,27,20,20,3,2020-09-09 21:22:27.529245+00:00
712,713,48,50,45,45,13,1.19,3.61,6.16,26.04,20.43,29,27,27,27,46,2020-09-09 21:23:27.722363+00:00
713,714,46,50,46,42,14,0.46,6.12,7.41,20.96,30.23,22,28,24,26,50,2020-09-09 21:24:27.481789+00:00
714,715,49,50,46,43,14,1.37,3.29,5.18,24.74,53.99,26,24,24,26,1,2020-09-09 21:25:27.413847+00:00
715,716,49,50,48,43,12,0.40,3.78,16.98,23.13,28.37,28,26,30,26,44,2020-09-09 21:26:27.839408+00:00
716,717,48,50,47,41,13,0.41,2.03,6.32,22.56,78.71,26,27,24,26,3,2020-09-09 21:27:32.422104+00:00
717,718,48,50,47,43,12,0.87,2.57,3.57,44.29,17.66,26,26,23,28,34,2020-09-09 21:28:26.061974+00:00
718,719,47,50,45,46,12,0.50,1.75,7.13,45.12,29.50,26,23,23,27,47,2020-09-09 21:29:32.203119+00:00
719,720,49,50,47,48,14,0.80,1.37,6.16,22.67,16.45,26,29,23,26,33,2020-09-09 21:30:30.452522+00:00
720,721,50,50,47,47,14,0.50,5.44,3.49,28.57,30.87,28,23,22,24,51,2020-09-09 21:31:27.741218+00:00
721,722,50,50,47,47,15,0.74,5.29,4.05,26.64,18.95,30,26,26,26,33,2020-09-09 21:32:30.382125+00:00
722,723,50,50,47,44,14,0.73,2.00,6.74,56.05,29.57,26,26,22,28,40,2020-09-09 21:33:29.352442+00:00
723,724,50,50,44,47,13,0.67,5.49,15.60,11.75,23.47,28,27,33,21,47,2020-09-09 21:34:30.253806+00:00
724,725,50,50,44,47,13,0.63,6.21,5.57,28.11,33.88,30,26,27,28,34,2020-09-09 21:35:26.119572+00:00
725,726,50,50,44,48,11,0.82,2.12,9.64,32.81,54.03,26,26,23,31,44,2020-09-09 21:36:26.142253+00:00
726,727,50,50,43,45,11,1.10,1.62,9.00,60.26,21.30,26,26,30,29,40,2020-09-09 21:37:30.672541+00:00
727,728,50,50,35,50,12,1.13,2.35,8.74,28.77,57.33,26,26,26,22,46,2020-09-09 21:38:30.422384+00:00
728,729,50,50,38,49,12,0.90,1.32,4.60,32.56,27.85,27,24,24,26,46,2020-09-09 21:39:28.093154+00:00
729,730,50,50,40,49,12,0.33,1.95,10.12,17.43,28.10,24,26,27,26,9,2020-09-09 21:40:32.073456+00:00
730,731,50,50,39,48,13,0.74,3.55,11.17,11.87,44.80,28,35,26,24,44,2020-09-09 21:41:26.119841+00:00
731,732,50,50,39,49,13,0.47,2.41,10.64,29.38,45.75,26,35,23,26,46,2020-09-09 21:42:27.960216+00:00
732,733,50,50,35,50,13,0.76,1.64,56.16,17.10,25.18,32,26,27,28,51,2020-09-09 21:43:26.138863+00:00
733,734,50,50,37,48,14,0.51,2.47,18.70,29.63,49.08,28,24,29,29,44,2020-09-09 21:44:27.709957+00:00
734,735,50,50,32,48,14,1.26,5.61,6.35,44.03,21.22,24,32,26,35,46,2020-09-09 21:45:27.707366+00:00
735,736,50,50,34,47,14,0.58,6.34,12.67,13.49,19.22,28,31,26,26,45,2020-09-09 21:46:32.160282+00:00
736,737,50,50,35,46,14,0.93,4.03,7.23,13.29,74.41,30,31,26,26,48,2020-09-09 21:47:27.631075+00:00
737,738,50,50,37,45,12,0.95,2.12,13.73,20.50,49.48,28,22,29,22,46,2020-09-09 21:48:32.054777+00:00
738,739,50,50,35,42,11,0.38,1.85,12.10,18.25,39.97,21,24,26,21,2,2020-09-09 21:49:30.586225+00:00
739,740,50,50,33,42,11,0.96,5.34,12.14,33.00,103.27,29,27,26,26,46,2020-09-09 21:50:28.803537+00:00
740,741,50,50,34,39,11,0.87,2.30,7.97,19.65,43.36,24,28,27,22,51,2020-09-09 21:51:29.231447+00:00
741,742,50,50,32,38,11,0.34,1.98,12.62,34.13,45.48,26,23,30,29,50,2020-09-09 21:52:30.476253+00:00
742,743,50,50,32,37,11,1.38,6.03,5.47,13.24,31.34,26,27,28,31,9,2020-09-09 21:53:27.518842+00:00
743,744,50,50,34,37,10,0.39,2.54,13.18,27.60,27.15,22,24,31,29,44,2020-09-09 21:54:32.286330+00:00
744,745,50,50,37,37,11,0.30,3.00,6.09,11.66,60.31,22,24,26,23,42,2020-09-09 21:55:30.564869+00:00
745,746,50,50,38,36,10,0.71,3.07,4.21,14.08,69.42,26,26,26,19,54,2020-09-09 21:56:30.717205+00:00
746,747,50,50,35,35,10,0.42,1.88,9.58,39.62,112.88,21,27,27,26,48,2020-09-09 21:57:30.816384+00:00
747,748,50,50,34,36,11,1.05,10.61,13.25,13.19,27.76,26,28,28,23,44,2020-09-09 21:58:26.214729+00:00
748,749,50,50,36,33,12,0.87,1.89,8.36,15.53,113.89,26,26,27,20,46,2020-09-09 21:59:27.726004+00:00
749,750,50,50,37,32,12,0.30,4.49,6.06,13.30,77.18,26,26,24,24,46,2020-09-09 22:00:27.631736+00:00
750,751,50,50,37,33,12,0.98,5.95,4.50,16.58,98.33,30,29,27,20,50,2020-09-09 22:01:26.225238+00:00
751,752,50,50,35,32,12,0.32,3.60,7.23,70.25,75.87,24,23,26,21,46,2020-09-09 22:02:30.264561+00:00
752,753,50,50,36,30,12,1.04,2.13,8.43,11.68,36.15,28,26,26,23,40,2020-09-09 22:03:27.693086+00:00
753,754,50,50,38,33,11,0.56,3.33,2.18,12.46,37.94,26,26,22,20,1,2020-09-09 22:04:30.424869+00:00
754,755,50,50,42,34,9,0.56,2.24,9.89,9.46,176.04,30,26,26,20,58,2020-09-09 22:05:25.972903+00:00
755,756,50,50,42,34,10,0.61,3.66,10.21,16.07,58.20,26,29,27,26,1,2020-09-09 22:06:30.350365+00:00
756,757,50,50,41,33,9,0.47,3.56,25.24,12.73,37.61,26,28,31,26,45,2020-09-09 22:07:29.501284+00:00
757,758,50,50,40,32,9,0.37,4.04,4.18,37.82,131.10,26,26,23,26,6,2020-09-09 22:08:29.251722+00:00
758,759,50,50,41,35,10,0.86,2.33,10.39,10.72,131.82,26,28,26,22,48,2020-09-09 22:09:27.659785+00:00
759,760,50,50,42,34,10,0.69,2.75,6.84,34.13,23.90,28,24,26,26,40,2020-09-09 22:10:27.504941+00:00
760,761,50,50,42,33,10,0.73,1.36,12.02,47.00,92.25,26,22,26,26,45,2020-09-09 22:11:31.860713+00:00
761,762,50,50,42,32,10,0.56,2.04,12.02,26.57,69.31,29,26,26,28,3,2020-09-09 22:12:30.343074+00:00
762,763,47,50,47,30,9,0.61,6.53,11.54,28.84,46.18,26,35,23,28,45,2020-09-09 22:13:30.619751+00:00
763,764,47,50,46,27,8,15.68,1.79,3.56,16.89,17.15,34,29,24,27,40,2020-09-09 22:14:27.463380+00:00
764,765,46,50,50,26,9,0.85,2.29,4.45,16.99,111.23,29,26,20,27,3,2020-09-09 22:15:27.604267+00:00
765,766,45,50,50,28,8,0.99,3.49,9.78,9.41,68.15,30,23,28,21,46,2020-09-09 22:16:26.041629+00:00
766,767,50,50,50,28,9,0.32,1.97,3.79,31.49,75.42,24,24,26,27,46,2020-09-09 22:17:32.228709+00:00
767,768,50,50,50,27,9,0.83,2.50,5.80,11.01,65.66,26,23,24,22,45,2020-09-09 22:18:30.618333+00:00
768,769,50,50,50,31,9,0.90,2.63,8.09,32.25,132.63,27,26,26,26,56,2020-09-09 22:19:30.604042+00:00
769,770,50,50,50,33,9,0.38,5.94,5.73,31.43,134.81,36,27,24,26,6,2020-09-09 22:20:27.530860+00:00
770,771,50,50,50,33,9,1.21,3.05,7.81,12.47,101.16,27,26,26,23,51,2020-09-09 22:21:29.035468+00:00
771,772,50,50,50,33,7,0.37,8.68,1.76,29.39,94.96,28,29,22,26,6,2020-09-09 22:22:29.111252+00:00
772,773,49,50,47,38,6,0.65,2.25,4.33,12.29,72.89,27,27,26,26,1,2020-09-09 22:23:30.688311+00:00
773,774,48,50,44,36,6,14.56,4.89,5.65,32.33,98.51,30,26,23,26,3,2020-09-09 22:24:25.863388+00:00
774,775,50,50,43,35,6,0.36,1.73,14.69,16.65,84.79,26,24,27,26,45,2020-09-09 22:25:31.148902+00:00
775,776,47,50,47,35,5,0.60,4.63,18.17,27.70,96.22,27,29,30,22,56,2020-09-09 22:26:30.775987+00:00
776,777,46,50,46,37,5,1.19,5.39,8.73,12.31,70.13,34,23,26,21,3,2020-09-09 22:27:27.475968+00:00
777,778,46,50,49,37,5,0.76,4.63,22.03,24.71,70.13,28,29,27,23,3,2020-09-09 22:28:30.418010+00:00
778,779,45,50,43,38,5,1.04,2.52,14.27,21.24,7.11,28,23,26,26,50,2020-09-09 22:29:30.359040+00:00
779,780,47,50,44,41,4,0.69,1.95,4.93,8.86,38.66,31,26,26,23,51,2020-09-09 22:30:30.496375+00:00
780,781,48,50,46,42,4,1.87,1.65,10.16,40.82,92.74,29,21,26,24,56,2020-09-09 22:31:25.710860+00:00
781,782,48,50,45,44,4,0.65,4.59,4.67,15.74,92.74,31,24,20,27,6,2020-09-09 22:32:27.696732+00:00
782,783,50,50,44,45,4,0.42,3.41,13.74,14.09,92.81,26,23,22,26,58,2020-09-09 22:33:27.504437+00:00
783,784,50,50,46,42,6,1.39,4.92,8.67,26.94,42.11,30,23,26,24,60,2020-09-09 22:34:29.258468+00:00
784,785,50,50,47,40,6,0.40,4.18,8.28,14.32,97.13,26,24,26,26,50,2020-09-09 22:35:27.431500+00:00
785,786,50,50,49,41,6,1.67,5.42,6.21,24.62,71.62,29,26,20,26,61,2020-09-09 22:36:26.211662+00:00
786,787,49,50,50,39,6,15.63,2.46,12.71,68.68,62.25,31,22,26,31,67,2020-09-09 22:37:26.647837+00:00
787,788,50,50,50,40,6,0.68,1.25,14.54,16.63,48.42,28,23,29,26,56,2020-09-09 22:38:24.872457+00:00
788,789,50,50,50,42,4,0.73,1.92,5.80,66.85,41.12,30,23,23,27,54,2020-09-09 22:39:27.866714+00:00
789,790,50,50,50,43,5,1.18,3.33,1.54,25.59,51.82,28,28,20,29,9,2020-09-09 22:40:27.749256+00:00
790,791,50,50,50,42,5,1.60,1.90,4.86,20.73,46.55,32,23,26,24,3,2020-09-09 22:41:30.612233+00:00
791,792,50,50,50,41,6,0.65,3.67,10.85,33.16,120.93,27,24,24,27,67,2020-09-09 22:42:29.204445+00:00
792,793,50,50,50,41,6,1.03,2.39,8.20,21.70,71.62,33,24,24,22,67,2020-09-09 22:43:30.697329+00:00
793,794,48,50,50,42,5,0.53,3.55,6.55,25.94,72.87,33,26,26,22,6,2020-09-09 22:44:30.322087+00:00
794,795,50,50,48,43,7,1.19,2.93,10.38,13.90,124.70,34,26,26,26,62,2020-09-09 22:45:30.557954+00:00
795,796,50,50,50,42,7,0.63,4.30,8.63,29.54,62.38,27,26,26,29,9,2020-09-09 22:46:31.828601+00:00
796,797,50,50,50,41,7,1.06,2.88,5.44,18.76,114.60,30,24,24,22,60,2020-09-09 22:47:30.773219+00:00
797,798,50,50,50,41,7,2.07,2.40,9.12,26.54,49.20,29,21,26,21,6,2020-09-09 22:48:35.058836+00:00
798,799,50,50,50,43,6,1.38,2.87,8.01,15.49,46.52,33,26,26,26,50,2020-09-09 22:49:32.139018+00:00
799,800,50,47,50,41,5,0.59,4.81,3.35,12.90,50.60,32,23,21,26,54,2020-09-09 22:50:27.926336+00:00
800,801,50,47,50,40,6,1.39,3.32,7.21,17.08,31.67,36,23,26,21,2,2020-09-09 22:51:26.043241+00:00
801,802,50,50,50,41,6,0.41,6.55,3.91,35.09,50.62,26,26,21,24,50,2020-09-09 22:52:29.285379+00:00
802,803,50,50,50,39,6,0.53,1.76,5.14,18.53,46.14,24,24,23,26,9,2020-09-09 22:53:26.163397+00:00
803,804,50,50,50,38,5,1.88,6.05,3.67,38.37,40.67,28,26,28,26,6,2020-09-09 22:54:30.558694+00:00
804,805,50,50,50,42,5,1.25,7.14,4.85,23.05,41.17,29,26,24,26,6,2020-09-09 22:55:29.037004+00:00
805,806,50,50,50,41,6,0.64,4.67,7.47,38.43,38.10,28,24,26,26,60,2020-09-09 22:56:32.149146+00:00
806,807,50,50,50,41,6,1.20,5.93,10.83,21.00,89.03,27,26,28,29,67,2020-09-09 22:57:27.681113+00:00
807,808,50,50,50,40,6,1.70,2.21,7.56,68.54,61.56,26,22,27,35,58,2020-09-09 22:58:30.562871+00:00
808,809,50,50,50,40,5,1.03,2.47,7.37,17.76,53.19,29,22,27,26,6,2020-09-09 22:59:30.611604+00:00
809,810,50,50,49,42,7,1.67,1.54,8.23,26.35,38.86,30,23,26,27,6,2020-09-09 23:00:27.739900+00:00
810,811,50,50,47,42,6,1.20,4.78,7.24,7.25,54.59,30,29,22,24,6,2020-09-09 23:01:31.990339+00:00
811,812,50,50,47,45,5,1.12,2.10,11.43,8.45,146.25,31,24,23,26,6,2020-09-09 23:02:27.708964+00:00
812,813,50,50,48,44,5,0.73,4.78,6.69,9.00,562.75,30,26,26,26,3,2020-09-09 23:03:27.410159+00:00
813,814,50,50,50,44,6,1.01,2.20,11.94,19.90,37.46,30,26,27,29,3,2020-09-09 23:04:36.643689+00:00
814,815,50,50,50,44,6,1.17,5.29,11.84,51.06,51.18,28,35,23,26,3,2020-09-09 23:05:32.276382+00:00
815,816,50,50,47,41,6,0.90,2.67,11.97,35.35,51.18,31,26,23,27,3,2020-09-09 23:06:29.402339+00:00
816,817,50,50,47,38,6,1.18,2.69,6.40,21.74,40.61,30,26,27,26,50,2020-09-09 23:07:33.807024+00:00
817,818,50,50,45,33,6,0.93,1.56,5.41,45.65,140.09,28,22,23,28,9,2020-09-09 23:08:29.602913+00:00
818,819,50,50,45,37,6,1.00,7.47,6.58,31.18,21.34,28,26,22,24,3,2020-09-09 23:09:30.568900+00:00
819,820,50,50,43,37,6,1.14,3.46,6.25,31.68,69.71,24,26,24,26,3,2020-09-09 23:10:30.561842+00:00
820,821,50,50,43,36,6,0.63,1.69,6.22,21.85,68.89,27,23,24,26,2,2020-09-09 23:11:30.691460+00:00
821,822,50,50,42,38,7,1.39,1.69,5.17,77.05,108.14,26,23,26,26,6,2020-09-09 23:12:30.601630+00:00
822,823,50,50,43,40,7,1.36,3.26,4.78,26.75,56.58,24,22,30,26,54,2020-09-09 23:13:28.658364+00:00
823,824,50,50,42,37,6,0.62,3.88,7.98,80.48,82.39,23,21,28,28,2,2020-09-09 23:14:32.425952+00:00
824,825,50,50,43,38,6,0.46,3.34,3.52,15.93,24.02,26,26,24,26,48,2020-09-09 23:15:35.270672+00:00
825,826,50,50,44,40,7,0.75,1.77,8.31,17.79,54.94,27,22,30,26,2,2020-09-09 23:16:28.974755+00:00
826,827,50,50,45,45,7,0.51,2.87,7.88,17.74,55.19,27,26,26,26,2,2020-09-09 23:17:26.169200+00:00
827,828,50,50,45,48,7,0.51,4.30,7.40,24.38,36.35,24,26,28,26,56,2020-09-09 23:18:32.309921+00:00
828,829,50,50,44,47,9,0.51,1.44,6.28,13.40,59.21,26,21,28,26,56,2020-09-09 23:19:30.348889+00:00
829,830,50,50,44,48,9,0.97,2.31,3.85,29.34,35.27,26,21,26,26,3,2020-09-09 23:20:30.631747+00:00
830,831,50,50,44,47,10,0.46,2.12,14.68,34.60,56.19,26,26,28,26,51,2020-09-09 23:21:30.773193+00:00
831,832,50,50,45,49,10,0.40,5.30,4.65,29.28,73.70,27,28,26,26,46,2020-09-09 23:22:26.178403+00:00
832,833,50,50,41,50,8,0.72,1.39,10.34,49.08,77.53,28,22,29,26,50,2020-09-09 23:23:26.212142+00:00
833,834,50,50,43,46,6,0.77,2.84,8.63,41.88,39.65,21,23,24,26,3,2020-09-09 23:24:27.857924+00:00
834,835,50,50,44,45,6,0.71,4.87,11.65,28.80,73.43,21,26,33,27,45,2020-09-09 23:25:30.584606+00:00
835,836,50,50,44,45,6,0.99,4.14,6.66,26.79,25.17,29,26,27,35,48,2020-09-09 23:26:35.246641+00:00
836,837,50,50,42,47,6,0.58,3.74,10.90,37.50,56.14,26,29,26,21,1,2020-09-09 23:27:30.636943+00:00
837,838,50,50,39,47,6,0.58,2.00,12.74,28.80,42.40,27,23,29,22,58,2020-09-09 23:28:29.315512+00:00
838,839,50,50,39,42,9,0.47,2.38,8.02,27.87,27.45,31,21,29,35,40,2020-09-09 23:29:27.331917+00:00
839,840,50,50,35,42,9,0.90,4.94,8.23,30.92,55.95,28,28,29,23,1,2020-09-09 23:30:28.050040+00:00
840,841,50,50,34,42,9,0.29,2.79,10.93,38.76,12.75,26,22,31,35,35,2020-09-09 23:31:33.349485+00:00
841,842,50,50,35,42,9,0.73,3.12,7.01,32.31,47.03,27,24,26,26,56,2020-09-09 23:32:32.063737+00:00
842,843,50,50,36,42,9,0.42,2.09,2.18,39.23,14.12,26,20,23,29,35,2020-09-09 23:33:30.874044+00:00
843,844,50,50,40,45,9,0.75,2.24,3.02,10.45,33.44,29,26,24,23,40,2020-09-09 23:34:27.622312+00:00
844,845,50,50,39,46,7,0.57,1.80,7.89,18.41,45.41,26,26,29,23,51,2020-09-09 23:35:27.199269+00:00
845,846,50,50,36,47,7,0.52,2.46,22.27,58.53,51.89,22,29,24,26,51,2020-09-09 23:36:31.921569+00:00
846,847,50,50,37,45,7,1.15,3.32,6.21,35.80,34.69,26,26,24,27,3,2020-09-09 23:37:29.059946+00:00
847,848,50,50,37,44,8,0.29,2.77,5.64,30.44,18.62,24,22,27,35,40,2020-09-09 23:38:30.631015+00:00
848,849,50,50,34,48,7,0.22,4.04,7.76,20.31,35.41,26,27,30,26,45,2020-09-09 23:39:30.888213+00:00
849,850,50,50,33,50,7,0.45,3.54,3.61,32.78,28.82,34,20,23,26,3,2020-09-09 23:40:30.759587+00:00
850,851,50,50,36,50,4,0.78,3.47,4.56,15.04,24.30,26,23,22,26,1,2020-09-09 23:41:27.454425+00:00
851,852,50,50,36,47,4,0.51,1.48,3.01,22.31,82.93,34,24,26,26,47,2020-09-09 23:42:27.362529+00:00
852,853,50,50,37,50,4,1.00,3.64,3.44,25.73,82.86,28,26,26,26,47,2020-09-09 23:43:30.594689+00:00
853,854,50,50,38,50,7,1.14,3.23,10.68,13.46,88.62,23,24,29,24,56,2020-09-09 23:44:24.702089+00:00
854,855,50,50,39,48,8,0.67,2.73,5.97,63.66,75.11,26,26,22,35,3,2020-09-09 23:45:29.754286+00:00
855,856,50,50,42,49,8,0.65,5.84,4.47,31.01,25.28,27,26,26,24,3,2020-09-09 23:46:27.631240+00:00
856,857,50,50,42,49,8,0.34,1.81,10.94,20.61,25.53,26,26,28,24,3,2020-09-09 23:47:27.764729+00:00
857,858,50,50,43,48,8,0.41,4.76,3.94,21.63,70.05,26,26,29,24,56,2020-09-09 23:48:30.580650+00:00
858,859,50,50,42,47,8,0.27,8.29,2.54,27.15,83.22,26,27,23,35,50,2020-09-09 23:49:26.128469+00:00
859,860,50,50,48,46,8,1.09,7.30,4.10,20.51,23.00,29,26,28,31,47,2020-09-09 23:50:33.645475+00:00
860,861,50,50,48,42,7,0.64,1.44,3.85,18.31,18.64,30,22,26,26,50,2020-09-09 23:51:26.262399+00:00
861,862,50,50,48,44,9,0.62,3.18,8.67,58.89,91.31,26,26,26,24,9,2020-09-09 23:52:30.632952+00:00
862,863,50,50,50,43,9,1.36,6.79,6.24,1.00,27.73,30,26,26,26,50,2020-09-09 23:53:28.890963+00:00
863,864,50,50,50,44,9,0.51,2.99,10.39,35.73,35.06,28,21,26,28,48,2020-09-09 23:54:32.384730+00:00
864,865,50,50,50,46,11,1.29,7.23,3.72,41.33,32.55,32,24,22,26,3,2020-09-09 23:55:28.740458+00:00
865,866,50,50,50,45,11,0.59,3.63,3.25,57.89,45.99,26,26,21,28,51,2020-09-09 23:56:26.335734+00:00
866,867,50,50,50,40,10,0.31,2.72,13.33,15.24,42.86,26,26,30,22,54,2020-09-09 23:57:29.962711+00:00
867,868,50,50,49,45,10,0.41,1.94,2.17,28.16,37.66,29,22,23,31,45,2020-09-09 23:58:30.683619+00:00
868,869,50,50,49,48,14,0.39,4.37,20.06,30.87,40.00,26,26,26,24,40,2020-09-09 23:59:31.074497+00:00
869,870,50,50,49,50,13,0.56,1.70,6.22,27.66,40.66,29,22,32,31,48,2020-09-10 00:00:32.348610+00:00
870,871,50,50,50,50,14,0.48,1.98,5.44,28.46,36.72,30,26,30,23,3,2020-09-10 00:01:30.668922+00:00
871,872,50,50,50,50,14,0.56,2.15,6.15,11.74,63.46,30,22,26,21,3,2020-09-10 00:02:27.919768+00:00
872,873,50,50,50,50,15,1.12,2.00,17.21,94.91,23.87,31,22,26,26,3,2020-09-10 00:03:26.022175+00:00
873,874,50,50,50,49,12,0.80,6.55,9.41,14.07,23.93,26,26,26,23,3,2020-09-10 00:04:27.674998+00:00
874,875,50,50,50,48,13,0.47,1.09,19.50,82.34,81.12,24,26,26,28,3,2020-09-10 00:05:30.329843+00:00
875,876,50,50,50,50,11,0.67,3.98,13.46,13.97,67.30,23,28,26,23,45,2020-09-10 00:06:32.453394+00:00
876,877,50,50,50,50,11,1.03,0.82,13.58,17.95,67.67,30,24,26,26,45,2020-09-10 00:07:27.729068+00:00
877,878,50,50,48,50,11,0.45,8.23,14.01,19.07,18.24,30,26,30,23,1,2020-09-10 00:08:30.701767+00:00
878,879,50,50,50,50,11,0.80,2.54,4.02,12.22,56.06,30,26,22,26,48,2020-09-10 00:09:30.769247+00:00
879,880,50,50,48,50,11,1.05,8.29,10.61,21.63,18.99,26,26,22,26,1,2020-09-10 00:10:29.034487+00:00
880,881,50,50,48,50,11,0.83,1.41,5.03,26.32,29.47,26,24,22,24,40,2020-09-10 00:11:29.068509+00:00
881,882,50,50,49,49,11,0.31,1.64,14.85,64.62,94.59,27,22,26,26,2,2020-09-10 00:12:31.816316+00:00
882,883,50,50,50,50,11,0.44,2.31,3.10,24.22,83.06,28,21,22,24,50,2020-09-10 00:13:34.114311+00:00
883,884,50,50,48,50,13,0.44,3.29,16.97,26.42,51.44,29,23,30,24,45,2020-09-10 00:14:27.791592+00:00
884,885,50,50,47,50,13,0.55,6.74,8.61,22.53,39.21,27,23,26,26,51,2020-09-10 00:15:27.361502+00:00
885,886,50,50,48,50,13,0.53,1.34,5.91,49.01,34.83,31,21,27,26,45,2020-09-10 00:16:30.300466+00:00
886,887,50,50,50,50,13,0.41,1.58,3.84,12.91,566.60,30,24,26,26,46,2020-09-10 00:17:30.506834+00:00
887,888,50,50,50,50,13,0.84,1.97,3.95,16.17,566.60,28,27,21,22,48,2020-09-10 00:18:27.596038+00:00
888,889,50,50,50,50,12,0.32,4.14,8.95,23.87,34.48,30,26,24,24,46,2020-09-10 00:19:27.891644+00:00
889,890,50,50,50,50,12,1.16,0.84,2.31,27.87,37.82,34,20,21,20,45,2020-09-10 00:20:30.747103+00:00
890,891,50,50,50,50,12,0.77,2.87,8.50,20.35,63.48,24,26,23,26,46,2020-09-10 00:21:27.770508+00:00
891,892,50,50,50,50,12,0.49,5.02,8.18,30.93,42.28,26,26,26,27,46,2020-09-10 00:22:30.652545+00:00
892,893,50,50,50,50,13,0.52,2.98,5.57,42.04,37.28,26,23,20,27,51,2020-09-10 00:23:27.912209+00:00
893,894,50,50,50,50,13,0.79,3.60,4.53,13.09,44.44,26,28,26,24,51,2020-09-10 00:24:28.320400+00:00
894,895,50,50,50,50,13,1.68,2.51,4.63,60.88,39.59,29,22,26,29,48,2020-09-10 00:25:30.963388+00:00
895,896,50,50,50,50,12,0.63,4.26,6.63,34.00,93.34,26,23,27,29,46,2020-09-10 00:26:26.163140+00:00
896,897,50,50,50,50,14,0.77,6.63,1.89,59.03,30.60,26,26,20,29,50,2020-09-10 00:27:30.555391+00:00
897,898,50,50,50,50,14,0.32,2.14,3.56,34.04,64.75,26,22,22,28,50,2020-09-10 00:28:27.713371+00:00
898,899,50,50,50,50,13,0.73,2.39,5.34,26.21,46.25,29,23,29,23,46,2020-09-10 00:29:27.820037+00:00
899,900,50,50,50,50,14,1.24,4.03,5.12,25.60,45.12,28,26,27,26,45,2020-09-10 00:30:28.924431+00:00
900,901,50,50,50,50,12,0.51,5.01,6.53,43.47,36.88,28,26,26,26,40,2020-09-10 00:31:35.363402+00:00
901,902,50,50,50,50,12,0.42,3.50,4.63,10.30,119.72,27,23,26,23,46,2020-09-10 00:32:28.630936+00:00
902,903,50,50,50,50,10,0.35,1.50,7.49,16.22,118.75,27,26,26,26,45,2020-09-10 00:33:30.345511+00:00
903,904,50,50,50,50,11,1.17,3.08,9.90,38.24,37.23,26,22,27,23,40,2020-09-10 00:34:29.027796+00:00
904,905,50,50,50,50,11,1.15,2.56,13.53,20.46,23.65,29,28,26,26,45,2020-09-10 00:35:27.694170+00:00
905,906,50,50,50,50,11,2.44,6.02,12.22,17.15,139.16,27,28,27,23,46,2020-09-10 00:36:30.964062+00:00
906,907,50,50,50,50,11,1.17,3.10,6.53,27.87,44.05,26,26,26,21,50,2020-09-10 00:37:37.027448+00:00
907,908,50,50,50,50,11,0.89,1.36,6.22,16.01,45.06,29,22,19,23,51,2020-09-10 00:38:27.618794+00:00
908,909,50,50,50,50,13,0.83,2.00,3.51,13.39,45.80,26,23,23,23,2,2020-09-10 00:39:27.950966+00:00
909,910,50,50,50,50,13,0.83,6.74,2.95,35.36,50.82,27,27,26,26,46,2020-09-10 00:40:32.034817+00:00
910,911,50,50,50,50,13,0.97,6.62,4.95,36.69,33.87,27,26,26,28,9,2020-09-10 00:41:30.647055+00:00
911,912,50,50,50,50,12,1.27,4.30,11.56,16.68,28.12,29,26,26,23,47,2020-09-10 00:42:32.616912+00:00
912,913,50,50,50,50,12,0.35,3.57,9.05,43.79,87.94,26,28,21,29,47,2020-09-10 00:43:32.306657+00:00
913,914,50,50,50,50,14,0.97,2.21,8.72,35.63,50.78,29,23,22,24,47,2020-09-10 00:44:31.742722+00:00
914,915,50,50,50,50,16,1.41,4.13,9.88,48.83,58.83,26,28,27,27,51,2020-09-10 00:45:31.054205+00:00
915,916,50,50,50,50,17,1.27,1.90,8.44,65.42,30.48,27,20,30,35,42,2020-09-10 00:46:27.735818+00:00
916,917,50,50,50,50,17,0.45,1.86,9.87,25.66,56.87,26,22,29,26,45,2020-09-10 00:47:29.680909+00:00
917,918,50,50,50,50,17,1.05,1.20,6.66,17.72,84.14,27,23,29,24,9,2020-09-10 00:48:27.986306+00:00
918,919,50,50,50,50,17,1.16,4.50,8.61,38.74,52.64,30,28,23,21,40,2020-09-10 00:49:34.063274+00:00
919,920,50,50,50,50,17,0.49,2.54,10.35,34.03,60.35,30,28,26,21,40,2020-09-10 00:50:29.660741+00:00
920,921,50,50,50,50,18,0.32,6.39,4.71,24.28,44.29,26,26,23,23,37,2020-09-10 00:51:32.333106+00:00
921,922,50,50,50,50,19,0.47,3.17,10.91,18.64,78.77,26,22,26,26,45,2020-09-10 00:52:32.257684+00:00
922,923,50,50,50,50,19,0.67,3.04,4.61,21.19,78.31,28,24,26,26,42,2020-09-10 00:53:29.949298+00:00
923,924,50,50,50,50,19,0.73,3.20,4.06,41.03,105.46,30,23,20,35,37,2020-09-10 00:54:34.176385+00:00
924,925,50,50,47,50,19,0.63,1.90,11.35,31.96,102.54,29,24,22,35,27,2020-09-10 00:55:30.696750+00:00
925,926,50,50,49,50,17,0.90,2.35,15.63,9.69,78.16,29,26,27,24,44,2020-09-10 00:56:27.941713+00:00
926,927,50,50,49,50,17,0.99,1.80,2.46,8.99,73.66,22,26,21,23,31,2020-09-10 00:57:32.552222+00:00
927,928,50,50,50,50,17,1.40,1.15,8.74,47.97,90.37,30,23,26,23,36,2020-09-10 00:58:30.805612+00:00
928,929,50,50,50,50,17,0.32,4.74,8.89,24.14,29.67,24,26,28,26,30,2020-09-10 00:59:32.663029+00:00
929,930,50,50,50,50,17,1.66,2.76,3.28,15.93,40.35,30,26,24,26,29,2020-09-10 01:00:32.496490+00:00
930,931,50,50,50,50,17,0.37,1.66,12.37,9.93,35.06,28,20,30,22,31,2020-09-10 01:01:32.609004+00:00
931,932,50,50,50,50,17,0.86,1.43,3.21,12.91,28.12,26,23,24,26,26,2020-09-10 01:02:27.807174+00:00
932,933,50,50,50,50,16,0.20,2.81,9.28,24.00,73.94,21,35,29,22,1,2020-09-10 01:03:28.950125+00:00
933,934,50,50,50,50,18,1.44,1.90,12.00,24.83,56.02,26,24,26,23,29,2020-09-10 01:04:30.638792+00:00
934,935,50,50,50,50,18,0.38,7.22,6.64,32.47,44.83,30,26,27,24,28,2020-09-10 01:05:31.059222+00:00
935,936,50,50,48,50,16,0.61,1.54,7.82,63.03,66.38,27,24,22,23,28,2020-09-10 01:06:31.204239+00:00
936,937,50,50,50,50,15,0.56,1.69,8.02,40.11,37.70,28,23,26,26,29,2020-09-10 01:07:32.243982+00:00
937,938,50,50,50,50,13,2.01,2.44,6.88,34.74,112.76,33,23,26,24,33,2020-09-10 01:08:29.359207+00:00
938,939,50,50,50,50,13,0.44,1.30,7.74,33.75,109.88,26,21,26,27,37,2020-09-10 01:09:29.110534+00:00
939,940,50,50,49,50,12,0.36,4.10,12.93,16.39,134.87,26,27,26,22,33,2020-09-10 01:10:34.064766+00:00
940,941,50,50,48,50,12,0.61,3.07,13.87,24.23,52.13,31,24,26,22,34,2020-09-10 01:11:32.163265+00:00
941,942,50,50,50,50,13,0.43,2.21,5.61,14.50,133.12,26,26,26,24,36,2020-09-10 01:12:32.543960+00:00
942,943,50,50,50,50,13,0.60,2.11,9.18,29.52,77.07,26,26,26,26,36,2020-09-10 01:13:27.940394+00:00
943,944,50,50,50,50,13,0.80,1.78,8.47,26.39,133.43,26,26,26,26,46,2020-09-10 01:14:32.629332+00:00
944,945,50,50,50,50,13,0.63,2.52,8.71,24.29,51.71,27,26,26,26,40,2020-09-10 01:15:27.967437+00:00
945,946,50,50,50,50,13,0.50,2.95,13.13,43.21,119.23,27,26,33,27,9,2020-09-10 01:16:31.334223+00:00
946,947,50,50,50,50,11,0.64,1.67,8.29,28.15,70.43,26,23,30,24,9,2020-09-10 01:17:29.559069+00:00
947,948,50,50,50,50,11,0.60,4.82,6.79,41.02,70.68,28,24,23,27,50,2020-09-10 01:18:30.862754+00:00
